Word,Count
to,4083
the,4046
of,3583
and,3377
her,2125
I,2041
a,1887
was,1832
in,1804
that,1497
not,1387
she,1366
it,1273
be,1259
his,1176
had,1146
you,1131
as,1124
he,1089
for,1039
with,1024
have,827
is,827
Mr,782
him,758
at,751
on,681
but,657
by,621
all,600
my,592
so,569
Elizabeth,569
were,559
which,533
been,513
could,510
they,476
very,470
from,468
would,461
them,437
no,437
me,430
your,413
their,408
said,401
what,397
will,394
this,374
Darcy,371
such,371
an,350
Mrs,343
much,323
more,323
She,323
are,320
But,316
am,315
must,306
do,303
or,292
when,290
there,288
Bennet,287
Miss,281
than,281
who,274
any,273
The,273
Jane,260
if,254
did,252
one,248
Bingley,246
should,246
It,245
know,234
He,233
herself,216
before,216
has,215
soon,214
never,212
some,210
think,209
though,208
other,208
only,207
time,200
can,199
might,199
You,198
now,196
every,191
most,187
we,186
own,183
may,183
little,182
well,178
sister,176
again,175
good,170
being,168
how,167
make,165
after,161
without,160
then,159
say,157
nothing,156
Collins,156
shall,155
And,153
man,151
Wickham,149
see,149
dear,149
out,143
great,143
rst,142
too,141
into,141
family,140
ever,137
Lady,136
day,131
two,128
Lydia,128
young,127
made,125
They,124
us,122
himself,122
however,122
give,121
hope,120
last,118
My,117
away,116
father,115
always,115
room,115
about,114
many,114
letter,113
up,112
sure,111
thought,111
cannot,109
sisters,108
mother,107
way,107
Catherine,106
enough,105
friend,103
replied,103
its,101
saw,101
felt,99
long,99
go,99
house,97
quite,96
wish,95
Lizzy,94
over,92
manner,92
better,92
ing,91
love,91
cried,91
If,90
Oh,90
came,90
often,89
done,89
having,88
myself,88
heard,86
till,86
pleasure,86
really,85
come,85
where,85
In,85
Her,85
whom,84
believe,83
Longbourn,83
feelings,80
happy,80
When,80
less,80
even,80
like,79
whole,79
His,79
Gardiner,78
aunt,78
does,78
take,77
What,77
subject,76
anything,76
seen,75
morning,75
ladies,74
daughter,74
looked,73
down,73
still,72
place,72
hear,72
just,72
our,71
evening,71
few,71
added,71
indeed,71
Nethereld,70
same,69
therefore,69
Kitty,69
present,68
both,68
told,68
next,68
This,67
able,67
world,66
found,66
tell,66
seemed,66
went,66
How,66
home,65
left,65
happiness,65
something,65
least,65
nor,64
Charlotte,64
speak,64
opinion,64
answer,64
upon,64
marriage,64
each,63
town,63
attention,63
Lucas,63
Colonel,63
off,62
yet,62
There,62
kind,62
while,62
together,61
Chapter,61
part,61
brother,61
passed,61
friends,61
gone,61
towards,60
moment,60
seeing,60
certainly,60
married,60
these,59
de,59
whose,59
leave,59
here,59
known,59
received,58
knew,58
began,58
because,58
look,58
We,58
far,57
nd,57
means,57
either,57
between,57
affection,57
uncle,57
As,57
almost,57
character,57
party,56
perhaps,56
life,56
once,56
three,56
daughters,55
Meryton,55
rather,55
coming,55
woman,55
going,55
given,55
since,54
side,54
gave,54
Yes,54
those,54
mind,54
walk,53
possible,53
London,53
Bingleys,53
get,53
took,53
whether,52
let,52
others,52
That,52
another,52
ill,51
conversation,51
thing,51
against,51
visit,51
Pemberley,50
eyes,50
person,50
Sir,50
No,50
return,49
To,49
certain,49
A,49
idea,49
object,48
immediately,48
lady,48
regard,48
word,48
continued,48
behaviour,48
reason,47
suppose,47
general,47
course,47
Rosings,47
yourself,47
half,46
settled,46
hardly,46
acquaintance,46
heart,45
point,45
returned,44
turned,44
Darcys,44
ought,44
At,44
wife,44
walked,44
want,44
girls,44
longer,44
con,43
carriage,43
agreeable,43
else,43
short,43
spoke,43
Your,43
scarcely,43
power,42
through,42
business,42
people,41
called,41
help,41
best,41
back,41
marry,41
cousin,41
feel,41
perfectly,41
pride,41
dare,40
William,40
asked,40
civility,40
country,40
honour,40
re,40
read,39
manners,39
spirits,39
account,39
met,39
rest,39
Eliza,39
impossible,39
right,39
sort,38
Forster,38
sat,38
assure,38
feeling,38
doubt,38
Mary,38
near,38
situation,38
convinced,38
everything,38
men,38
Lydias,38
talked,38
likely,38
wished,38
Bennets,38
girl,37
Do,37
glad,37
expected,37
brought,37
afraid,37
pleased,37
write,37
talking,37
husband,37
minutes,37
expect,36
entered,36
care,36
After,36
stay,36
Well,36
occasion,36
under,36
former,36
sense,35
different,35
surprise,35
beyond,35
engaged,35
Elizabeths,35
night,35
believed,35
On,35
years,35
mean,35
wishes,34
invitation,34
usual,34
fortune,34
silence,34
With,34
Hertfordshire,34
sorry,34
also,34
taken,34
advantage,34
deal,34
talk,34
handsome,34
Bourgh,34
days,34
amiable,34
dinner,33
wonder,33
neither,33
satised,33
ball,33
ne,33
gentlemen,33
thousand,33
speaking,33
Their,33
surprised,33
merely,32
Fitzwilliam,32
saying,32
meet,32
name,32
appearance,32
door,32
determined,32
sensible,32
tion,32
themselves,32
head,32
length,32
within,32
ask,32
Hurst,32
making,32
dance,31
case,31
real,31
comfort,31
set,31
answered,31
Wickhams,31
air,30
put,30
ten,30
exactly,30
afterwards,30
alone,30
consequence,30
particularly,30
why,30
equal,30
obliged,29
smile,29
society,29
resolved,29
hours,29
week,29
understand,29
lost,29
words,29
consider,29
younger,29
gentleman,29
sometimes,29
poor,29
four,29
Not,29
arrival,29
end,29
news,29
appear,29
assured,28
kindness,28
sir,28
ladyship,28
year,28
joined,28
instantly,28
table,28
hand,28
mention,28
receive,28
early,28
Janes,28
necessary,28
highly,28
call,28
ofcers,27
knowing,27
truth,27
Phillips,27
things,27
credit,27
everybody,27
ve,27
matter,27
opportunity,27
meant,27
looking,27
whatever,27
appeared,27
face,27
pain,26
ago,26
liked,26
already,26
respect,26
allow,26
delight,26
offer,26
beauty,26
observed,26
forward,26
Let,26
absence,26
neighbourhood,26
countenance,26
silent,26
thus,26
attachment,25
satisfaction,25
doing,25
wholly,25
imagine,25
attentions,25
reply,25
circumstances,25
turn,25
interest,25
supposed,25
thoughts,25
mothers,25
Had,25
entirely,25
got,25
keep,25
bear,25
children,25
money,25
pounds,24
among,24
easily,24
disposition,24
easy,24
allowed,24
second,24
during,24
anxious,24
pretty,24
fear,24
wanted,24
walking,24
Collinss,24
Hunsford,24
expressed,24
followed,24
living,24
Is,24
temper,24
ment,24
greater,24
Brighton,24
match,24
happened,24
express,24
following,23
master,23
depend,23
Derbyshire,23
change,23
giving,23
send,23
compliment,23
curiosity,23
new,23
hopes,23
nature,23
serious,23
remained,23
mentioned,23
considered,23
anyone,23
relations,23
spite,23
particular,23
attended,23
large,23
fair,23
astonishment,23
small,23
inquiries,23
persuaded,23
degree,23
son,23
exceedingly,23
frequently,22
admiration,22
months,22
terms,22
times,22
From,22
pleasing,22
meeting,22
hearing,22
several,22
Why,22
hour,22
anybody,22
concern,22
praise,22
seems,22
probably,22
spent,22
expression,22
true,22
voice,22
library,22
company,22
wrote,21
sake,21
sent,21
xed,21
acquainted,21
directly,21
listened,21
thinking,21
dislike,21
trouble,21
repeated,21
importance,21
journey,21
inclination,21
information,21
conduct,21
live,21
knowledge,21
endeavour,21
event,21
notice,21
proud,21
desire,21
natural,21
promised,21
whenever,21
above,21
further,21
ready,21
attempt,21
prevented,21
favour,21
gratitude,21
except,21
dancing,21
delighted,21
favourite,20
self,20
common,20
proper,20
forced,20
work,20
un,20
sitting,20
intended,20
latter,20
Long,20
connection,20
used,20
pleasant,20
estate,20
fortnight,20
hoped,20
nephew,20
niece,20
equally,20
late,19
instead,19
ex,19
join,19
charming,19
especially,19
marrying,19
cousins,19
fancy,19
open,19
engagement,19
question,19
humour,19
light,19
need,19
full,19
effect,19
breakfast,19
remember,19
drew,19
cause,19
regiment,19
play,19
dis,19
strong,19
summer,19
state,19
Indeed,19
written,19
For,19
Gardiners,19
bring,18
mistaken,18
design,18
affected,18
capable,18
Perhaps,18
taking,18
reached,18
madam,18
receiving,18
evident,18
civil,18
chance,18
eldest,18
led,18
Maria,18
leaving,18
danger,18
fathers,18
regret,18
cold,18
comprehend,18
high,18
health,18
vain,18
weeks,18
greatest,18
women,18
paid,18
slight,18
address,18
particulars,18
smiled,18
persuade,18
pause,18
avoid,18
none,18
wait,17
proved,17
partner,17
kept,17
scheme,17
acknowledged,17
tried,17
intelligence,17
com,17
accept,17
resolution,17
forget,17
indifference,17
view,17
report,17
vanity,17
likewise,17
choose,17
beg,17
admire,17
motive,17
delightful,17
round,17
ease,17
ness,17
sight,17
purpose,17
superior,17
excellent,17
ter,17
loss,17
affair,17
politeness,16
ashamed,16
Saturday,16
connections,16
removed,16
angry,16
anxiety,16
confess,16
understanding,16
suddenly,16
concerned,16
prevent,16
moments,16
absolutely,16
accepted,16
chose,16
step,16
tolerable,16
success,16
laugh,16
tone,16
per,16
circumstance,16
related,16
comes,16
use,16
Such,16
promise,16
spoken,16
miles,16
opened,16
indifferent,16
pass,16
fond,16
Every,16
age,16
seem,16
worth,16
formed,16
Are,16
scene,16
All,16
en,16
expectation,16
dine,16
advice,15
earnest,15
lively,15
dearest,15
intention,15
felicity,15
reasonable,15
beth,15
duty,15
readily,15
objection,15
blame,15
stood,15
justice,15
mine,15
book,15
farther,15
Catherines,15
belief,15
letters,15
eye,15
enter,15
winter,15
window,15
chief,15
brothers,15
drawingroom,15
declared,15
Charlottes,15
trust,15
servant,15
assurance,15
sit,15
fortunate,15
composure,15
says,15
seated,15
resentment,15
future,15
park,15
Very,15
became,15
wrong,15
addressed,15
unless,15
distance,15
distress,15
evil,14
calling,14
reading,14
road,14
please,14
ac,14
One,14
asking,14
yours,14
prevailed,14
disappointment,14
Caroline,14
Though,14
disposed,14
nobody,14
behind,14
stand,14
begin,14
prospect,14
observation,14
parted,14
questions,14
misery,14
bad,14
aware,14
So,14
struck,14
perfect,14
period,14
wishing,14
alarm,14
shire,14
thanks,14
share,14
Kent,14
visitors,14
tomorrow,14
fact,14
companion,14
extremely,14
choice,14
child,14
ily,14
extraordinary,14
wedding,14
courage,14
housekeeper,14
arrived,14
generally,14
greatly,14
Nothing,14
conviction,14
lived,14
affectionate,14
frequent,13
standing,13
relief,13
creature,13
colour,13
pray,13
old,13
Then,13
otherwise,13
interesting,13
occurred,13
worse,13
clothes,13
form,13
ham,13
spend,13
inuence,13
ideas,13
Wick,13
plan,13
ignorant,13
twice,13
sooner,13
pardon,13
While,13
painful,13
youngest,13
astonished,13
compassion,13
beautiful,13
considering,13
turning,13
determine,13
By,13
nding,13
dared,13
eagerly,13
learnt,13
gratied,13
Lucases,13
ran,13
etc,13
suffer,13
marked,13
Pray,13
listen,13
taste,13
leisure,13
ap,13
tolerably,13
deceived,13
Did,13
excuse,13
anger,13
sion,12
welcome,12
understood,12
hint,12
grateful,12
Now,12
Of,12
Good,12
constant,12
garden,12
connected,12
Parsonage,12
picture,12
thank,12
possibility,12
consent,12
hard,12
joy,12
conceal,12
meaning,12
stranger,12
looks,12
judge,12
Denny,12
favourable,12
books,12
elder,12
fore,12
forgotten,12
writing,12
try,12
elegant,12
yesterday,12
false,12
Tuesday,12
speech,12
enjoyment,12
entrance,12
distressed,12
Upon,12
danced,12
partiality,12
parties,12
principal,12
add,12
actually,12
relationship,12
respectable,12
rich,12
applied,12
public,12
secure,12
silly,12
probable,12
shortly,12
recollected,12
agreed,12
invited,11
passing,11
satisfy,11
approaching,11
ladyships,11
earnestly,11
eager,11
partial,11
interference,11
gained,11
drove,11
uncles,11
tea,11
wants,11
lately,11
awkward,11
delicacy,11
amongst,11
admired,11
laughed,11
hurry,11
excessively,11
pay,11
dreadful,11
persons,11
quit,11
follow,11
unable,11
husbands,11
laughing,11
steady,11
education,11
decided,11
comfortable,11
views,11
intimate,11
judgement,11
run,11
engagements,11
bringing,11
Can,11
objections,11
hall,11
relation,11
boast,11
coach,11
nieces,11
relate,11
rank,11
Georgiana,11
informed,11
opposite,11
comparison,11
bow,11
accomplished,11
increased,11
happen,11
supposing,11
aloud,11
ner,11
introduce,11
opening,11
consideration,11
wild,11
ones,11
esteem,11
income,11
due,11
moreover,11
chaise,11
lose,11
single,11
smallest,11
folly,11
acquaintances,11
sub,11
fam,11
disagreeable,11
grieved,11
ground,11
confusion,11
amusement,11
returning,11
caught,11
Yet,11
private,11
Have,11
shook,11
Could,10
shame,10
Lord,10
imprudent,10
chiey,10
proceeded,10
disgrace,10
Eliz,10
inquiry,10
expressions,10
debts,10
These,10
remain,10
important,10
visitor,10
violent,10
rational,10
assistance,10
excited,10
condence,10
dances,10
Here,10
prepared,10
Reynolds,10
application,10
vexation,10
music,10
church,10
supper,10
feared,10
quick,10
Lambton,10
communication,10
triumph,10
consolation,10
servants,10
running,10
desirable,10
plain,10
staying,10
inclined,10
six,10
overcome,10
heartily,10
congratulations,10
observe,10
observing,10
guarded,10
request,10
learn,10
perceived,10
difcult,10
amazement,10
furniture,10
necessity,10
contrary,10
sincere,10
attached,10
strange,10
goodness,10
recollection,10
noble,10
hurried,10
recommend,10
tears,10
atter,10
yes,10
abeth,10
seriously,10
secrecy,10
pronounced,10
smiling,10
happiest,10
produced,10
virtue,10
contempt,10
unhappy,10
loved,10
sentence,10
Heaven,10
intimacy,10
compliments,10
naturally,10
insufcient,10
offered,9
refuse,9
reception,9
street,9
gives,9
formal,9
nished,9
disappointed,9
quest,9
youth,9
directed,9
deserve,9
seldom,9
sincerely,9
mistress,9
Sunday,9
direction,9
offended,9
waiting,9
inquire,9
sis,9
deny,9
hastily,9
Street,9
listening,9
upstairs,9
unlucky,9
story,9
besides,9
sentiments,9
whisper,9
minute,9
instrument,9
utter,9
fears,9
probability,9
consequently,9
interrupted,9
occasionally,9
likes,9
believing,9
propriety,9
low,9
im,9
concluded,9
rejoiced,9
seek,9
difference,9
patience,9
past,9
generous,9
material,9
immediate,9
Wednesday,9
fast,9
impatience,9
proposal,9
Gracechurch,9
authority,9
smiles,9
moved,9
placed,9
humble,9
attending,9
attentive,9
escape,9
pity,9
itself,9
grave,9
Monday,9
threw,9
remarkably,9
Who,9
uncommonly,9
wretched,9
bore,9
introduction,9
neighbours,9
prefer,9
increasing,9
lane,9
spirit,9
beginning,9
longed,9
remembered,9
along,9
elegance,9
introduced,9
act,9
value,9
reection,9
knows,9
lines,9
close,9
fresh,9
eight,9
required,9
become,9
suspected,9
apprehension,9
neighbour,9
suspicion,9
utmost,9
improvement,9
friendship,9
neglect,9
haste,9
parish,9
stairs,9
al,9
lips,9
sudden,8
repeatedly,8
ject,8
totally,8
clear,8
ity,8
exclaimed,8
quitted,8
month,8
death,8
explained,8
thrown,8
charm,8
charge,8
recommended,8
throw,8
taught,8
mamma,8
thither,8
changed,8
warmly,8
lest,8
Come,8
warmth,8
fall,8
thankful,8
line,8
watching,8
matters,8
Poor,8
laid,8
advise,8
suffered,8
quitting,8
rooms,8
hate,8
mistake,8
misfortune,8
features,8
unwilling,8
evils,8
ladys,8
chosen,8
declare,8
chooses,8
continue,8
reections,8
Dear,8
memory,8
tions,8
follows,8
heightened,8
Scotland,8
ordered,8
sound,8
gure,8
protested,8
console,8
difculty,8
spared,8
prove,8
begged,8
Hill,8
indebted,8
relieved,8
various,8
safe,8
sacrice,8
indignation,8
opinions,8
conclusion,8
openly,8
solicitude,8
horses,8
George,8
assurances,8
contents,8
subjects,8
alarmed,8
somewhat,8
persuasion,8
doors,8
idle,8
gallantry,8
fun,8
proof,8
drawn,8
dressed,8
rendered,8
An,8
imme,8
approbation,8
according,8
Will,8
property,8
impatient,8
impertinence,8
ally,8
concerns,8
parents,8
House,8
eagerness,8
vexed,8
elopement,8
commendation,8
apology,8
forgive,8
note,8
inter,8
force,8
discover,8
entering,8
interruption,8
valuable,8
Jenkinson,8
entreaty,8
highest,8
gracious,8
hers,8
quiet,8
foolish,8
quietly,8
considerable,8
style,8
nally,8
gentlemans,8
quarter,8
doubted,8
inquired,8
bestowed,8
enjoy,8
abode,8
ofcer,8
occasions,8
ings,8
possession,8
insist,8
gentlemanlike,8
dined,8
couple,8
severe,8
possibly,8
concealed,7
service,7
May,7
remarks,7
congratulate,7
recollections,7
hopeless,7
game,7
variety,7
third,7
honoured,7
separation,7
unexpected,7
thanked,7
watched,7
fancied,7
getting,7
certainty,7
resemblance,7
gen,7
hold,7
united,7
imprudence,7
unknown,7
remarkable,7
inform,7
truly,7
kindly,7
gley,7
inn,7
agree,7
King,7
sex,7
resolving,7
instance,7
treated,7
intending,7
treat,7
rejoice,7
altogether,7
waited,7
female,7
acknowledge,7
clever,7
sentiment,7
clergyman,7
commission,7
refusal,7
free,7
cheerful,7
ignorance,7
wards,7
remaining,7
removal,7
twenty,7
glance,7
fashion,7
completely,7
frightened,7
selsh,7
today,7
impression,7
improbable,7
settle,7
Lodge,7
ventured,7
friendly,7
incapable,7
renewal,7
trusted,7
Nor,7
tance,7
suit,7
supply,7
deep,7
domestic,7
arise,7
noticed,7
gown,7
owed,7
attered,7
spare,7
af,7
merit,7
Ben,7
Certainly,7
support,7
admitted,7
Charles,7
objects,7
rising,7
affairs,7
schemes,7
wondered,7
ourselves,7
exertion,7
properly,7
pleasures,7
pointed,7
wit,7
satisfactory,7
broken,7
differently,7
willing,7
worst,7
strongly,7
guard,7
nearly,7
hands,7
study,7
Bin,7
balls,7
net,7
succeeded,7
rose,7
established,7
body,7
admit,7
dreaded,7
proposals,7
perceive,7
dwelling,7
somebody,7
blushed,7
esteemed,7
advantages,7
par,7
entail,7
aunts,7
St,7
engage,7
showed,7
lucky,7
encouraged,7
stayed,7
discourse,7
Only,7
cases,7
afford,7
preference,7
assembly,7
expressing,7
describe,7
order,7
behaved,7
spot,7
description,7
diningroom,7
telling,7
unpleasant,7
extent,7
addition,7
em,7
contained,7
temptation,7
tempted,7
direct,7
habit,7
pretend,7
shocked,7
pro,7
carried,7
drink,7
endeavoured,7
assist,7
tall,7
reach,7
governess,7
Park,7
cards,7
sixteen,7
mans,7
expose,7
cared,7
arrangement,7
show,7
makes,7
Our,7
parting,6
increase,6
eligible,6
desired,6
provided,6
complete,6
speedily,6
purchase,6
inconvenience,6
won,6
spring,6
woods,6
acted,6
impertinent,6
actions,6
Till,6
reserved,6
reserve,6
parlour,6
desirous,6
eld,6
orders,6
improved,6
earliest,6
trying,6
approached,6
source,6
companions,6
goodhumoured,6
complexion,6
distinguished,6
addresses,6
displeasure,6
ate,6
grew,6
represented,6
polite,6
Has,6
contain,6
discovery,6
undoubtedly,6
discovered,6
powers,6
uneasiness,6
proceed,6
condescension,6
uneasy,6
diner,6
dining,6
disapprobation,6
prepare,6
preparing,6
aspect,6
reminded,6
presence,6
Having,6
pressed,6
directions,6
profession,6
Williams,6
patroness,6
gate,6
Whatever,6
fty,6
abilities,6
ful,6
dress,6
peace,6
uttered,6
secret,6
draw,6
downstairs,6
corps,6
performance,6
performed,6
permission,6
hus,6
hurt,6
deserved,6
grounds,6
perverseness,6
hundred,6
uncomfortable,6
conceited,6
diately,6
distressing,6
However,6
plainly,6
ad,6
purposely,6
instant,6
separate,6
welcomed,6
explain,6
Louisa,6
matrimony,6
larger,6
cheerfulness,6
expense,6
t,6
expectations,6
fault,6
sweet,6
wanting,6
exercise,6
suspense,6
mentioning,6
shown,6
Gar,6
river,6
declined,6
advisable,6
refused,6
raptures,6
Lakes,6
wherever,6
refusing,6
circle,6
miserable,6
justify,6
usually,6
raised,6
sees,6
recover,6
About,6
takes,6
cer,6
weak,6
ceased,6
amused,6
amuse,6
tempt,6
seat,6
rec,6
Never,6
fail,6
shocking,6
liberty,6
falsehood,6
ley,6
chair,6
weather,6
families,6
maam,6
unreasonable,6
carriages,6
teasing,6
reproach,6
weight,6
warm,6
lead,6
lay,6
useless,6
respects,6
law,6
seeking,6
events,6
mo,6
evenings,6
noth,6
stopped,6
coffee,6
notion,6
renewed,6
wisest,6
departure,6
altered,6
dependence,6
ters,6
oblige,6
gradually,6
engaging,6
resigned,6
alteration,6
violently,6
halfanhour,6
occasional,6
Jamess,6
endeavours,6
pursuit,6
urged,6
encouragement,6
bestow,6
pursue,6
Thank,6
embarrassment,6
embarrassed,6
county,6
nonsense,6
blind,6
interested,6
invite,6
deference,6
civilities,6
mortication,6
tour,6
mortifying,6
establishment,6
claims,6
motives,6
voluntarily,6
delay,6
names,6
delayed,6
entailed,6
error,6
delicate,6
roused,6
entertained,6
forbearance,6
strength,6
repeating,6
sides,6
mediately,6
closed,6
sick,6
neigh,6
stronger,6
windows,6
vacant,5
gratifying,5
goodnatured,5
continually,5
alacrity,5
principle,5
convenient,5
everyone,5
elsewhere,5
employed,5
encourage,5
withdrew,5
energy,5
engrossed,5
advanced,5
ruin,5
entertainment,5
across,5
enumerating,5
Bing,5
wise,5
escaped,5
whist,5
economy,5
eat,5
wood,5
difdence,5
adding,5
discussion,5
disdain,5
disgraceful,5
dish,5
Ah,5
distant,5
dwelt,5
distinction,5
actual,5
drawing,5
dressingroom,5
driven,5
sation,5
defects,5
Cather,5
conver,5
evidently,5
crossed,5
visiting,5
agitated,5
agitation,5
forgot,5
England,5
vestibule,5
venture,5
front,5
fully,5
correspondence,5
F,5
resent,5
gentle,5
Fitzwilliams,5
fellow,5
Does,5
fectly,5
ridicule,5
declaration,5
decient,5
Char,5
Christmas,5
explanation,5
dead,5
exposing,5
fearful,5
rid,5
Collinses,5
weakness,5
afforded,5
result,5
restraint,5
useful,5
coloured,5
mend,5
spending,5
owing,5
Neither,5
likelihood,5
recollect,5
recent,5
bed,5
Two,5
ceived,5
similar,5
provoke,5
lodgings,5
reasons,5
approach,5
causes,5
lover,5
opposed,5
carry,5
teach,5
shop,5
mar,5
Those,5
talents,5
masters,5
punishment,5
Nay,5
sought,5
interrupt,5
proposed,5
peculiar,5
pected,5
tranquillity,5
claim,5
Were,5
joining,5
parts,5
accident,5
justied,5
band,5
song,5
tioned,5
thin,5
reect,5
approve,5
language,5
recovered,5
checked,5
Lucass,5
lawn,5
leading,5
acceptable,5
paper,5
papa,5
materially,5
mation,5
below,5
novelty,5
birth,5
obligation,5
bitterness,5
breeding,5
morrow,5
mortied,5
qualities,5
absurd,5
quarrel,5
shut,5
moving,5
mutual,5
Phillipss,5
nish,5
bourn,5
nearer,5
nearest,5
apologise,5
Since,5
bought,5
borne,5
strangers,5
Some,5
nice,5
modesty,5
mode,5
obliging,5
mixture,5
beneath,5
appearing,5
syllable,5
benet,5
sweetness,5
meanwhile,5
calm,5
offers,5
Tell,5
odd,5
oclock,5
alarming,5
abominable,5
mere,5
occupied,5
method,5
mile,5
rate,5
summoned,5
steps,5
steward,5
occa,5
sum,5
Where,5
refreshment,5
remains,5
humility,5
proceeding,5
condescended,5
honourable,5
accordingly,5
horror,5
conclude,5
produce,5
astonish,5
concerning,5
human,5
arose,5
allowing,5
inducement,5
unaffected,5
alluded,5
accomplishments,5
pointing,5
imaginary,5
twelvemonth,5
imagined,5
attach,5
softened,5
tune,5
tted,5
hon,5
possess,5
post,5
unfolded,5
sing,5
guess,5
pretensions,5
guest,5
halfhour,5
pressing,5
press,5
hap,5
conscience,5
repeat,5
presentation,5
Yours,5
hasty,5
abhorrence,5
assembled,5
conned,5
prejudice,5
assert,5
pre,5
conjecture,5
practice,5
held,5
unfortunate,5
independence,5
strike,5
progress,5
relating,5
trie,5
triing,5
places,5
professions,5
pianoforte,5
command,5
inquiring,5
inferior,5
playing,5
solemn,5
philosophy,5
ine,5
sh,5
plea,5
piece,5
indulge,5
intentions,5
coat,5
indulgence,5
arisen,5
sonage,4
ended,4
quadrille,4
nervous,4
dull,4
phaeton,4
somewhere,4
drive,4
situated,4
discretion,4
dont,4
putting,4
driving,4
preceding,4
proportion,4
endured,4
scruples,4
sole,4
dirty,4
enjoying,4
stream,4
entertain,4
sincerity,4
wisely,4
peoples,4
promising,4
dread,4
disadvantage,4
solitary,4
peared,4
preserved,4
stop,4
disap,4
paying,4
number,4
simpleton,4
preserve,4
patronage,4
path,4
dressing,4
perusal,4
occasioned,4
sleep,4
size,4
withheld,4
slightly,4
sad,4
pale,4
prudent,4
ordinary,4
original,4
professed,4
el,4
displeased,4
prudence,4
worked,4
salutation,4
pains,4
yield,4
protesting,4
dissatised,4
score,4
ow,4
pleasantly,4
edged,4
owe,4
promote,4
sport,4
display,4
ofcious,4
encouraging,4
occurrences,4
solemnity,4
owner,4
ence,4
ofce,4
employments,4
employment,4
disguise,4
disgust,4
disliked,4
prospects,4
secured,4
started,4
scruple,4
divided,4
womans,4
points,4
stared,4
solely,4
perform,4
gravity,4
nerves,4
residence,4
visible,4
insolent,4
insensible,4
principally,4
formidable,4
forming,4
fort,4
forth,4
village,4
selves,4
innitely,4
injustice,4
foundation,4
frankness,4
freedom,4
incumbent,4
inconvenient,4
versation,4
trees,4
resist,4
intelligible,4
forcibly,4
judged,4
reject,4
rejected,4
touched,4
toward,4
jealousy,4
visits,4
senses,4
trace,4
trade,4
irt,4
ion,4
travelling,4
introducing,4
forbid,4
intercourse,4
visited,4
imputed,4
impropriety,4
twelve,4
higher,4
headstrong,4
unlike,4
glancing,4
unlikely,4
unnecessary,4
hated,4
hastened,4
unpardonable,4
harm,4
happens,4
unwelcome,4
handsomest,4
unwillingly,4
unworthy,4
grandeur,4
ser,4
grow,4
union,4
valley,4
fteen,4
hints,4
imagination,4
vary,4
illhumour,4
remark,4
uncivil,4
gallery,4
humbled,4
uncommon,4
houses,4
unconnected,4
vants,4
hoping,4
requiring,4
valued,4
gentleness,4
history,4
unequal,4
feels,4
shared,4
entreat,4
risk,4
militia,4
sunk,4
merly,4
sup,4
mercenary,4
examining,4
example,4
supposition,4
suspect,4
keeping,4
melancholy,4
excessive,4
meat,4
suspicions,4
showing,4
measure,4
execution,4
ring,4
minds,4
shows,4
rapidity,4
misunderstood,4
entreaties,4
quickly,4
nephews,4
sickly,4
neces,4
studying,4
stupidity,4
succeeding,4
est,4
shrubbery,4
estates,4
estimation,4
mornings,4
sufcient,4
sufciently,4
suggested,4
rain,4
ridiculous,4
symptom,4
welfare,4
lit,4
lieving,4
warn,4
selfimportance,4
liberal,4
letting,4
familiar,4
recollecting,4
lessen,4
thinks,4
fancying,4
fatigue,4
recovering,4
faults,4
tired,4
respectability,4
tle,4
killed,4
lift,4
liveliness,4
expecting,4
lives,4
tables,4
experienced,4
rea,4
readiness,4
mark,4
management,4
luckily,4
luck,4
lower,4
lovers,4
reasonably,4
tender,4
extravagance,4
shing,4
extravagant,4
extreme,4
ways,4
thanking,4
infamous,4
complacency,4
Aye,4
amidst,4
conceit,4
becomes,4
accepting,4
arguments,4
argument,4
court,4
catch,4
animation,4
North,4
beneted,4
check,4
attering,4
accuse,4
attribute,4
Everybody,4
charms,4
abominably,4
awakened,4
conrmation,4
Anne,4
apologising,4
attend,4
assuring,4
die,4
conference,4
amazed,4
November,4
debt,4
cautious,4
complaints,4
announce,4
attendance,4
depart,4
blush,4
depended,4
cheeks,4
Be,4
abroad,4
Bourghs,4
designs,4
cruel,4
calmness,4
affability,4
Captain,4
caprice,4
destined,4
Shall,4
amusing,4
cruelty,4
curious,4
circum,4
Newcastle,4
allusion,4
affront,4
Four,4
Carter,4
acutely,4
Its,4
arts,4
Clapham,4
cherished,4
assisted,4
accompanied,4
Much,4
created,4
described,4
buy,4
car,4
Younge,4
active,4
contemplation,4
attractions,4
activity,4
cross,4
aside,4
cost,4
attributed,4
decidedly,4
absent,4
delightfully,4
accent,4
attempting,4
converse,4
attack,4
diningparlour,4
ceremony,4
attempted,4
apartment,4
defy,4
deeply,4
deliberation,4
dignity,4
cordiality,4
convince,4
Many,4
Thursday,4
absolute,4
censure,4
copse,4
blessing,4
comforts,4
behalf,4
complain,4
ble,4
atten,4
delivered,4
coolly,4
defect,4
briey,4
anticipated,4
True,4
blessed,4
decorum,4
beauties,4
breakfastroom,4
decide,4
collection,4
lament,3
guessed,3
failed,3
varied,3
safely,3
obligations,3
presents,3
bit,3
deed,3
overpowered,3
ascended,3
tenderness,3
objecting,3
daily,3
relative,3
comparatively,3
ted,3
faces,3
consoling,3
regrets,3
owned,3
faithful,3
reliance,3
objectionable,3
afternoon,3
grown,3
constantly,3
improve,3
farewell,3
overlook,3
attracted,3
overheard,3
keeps,3
splendid,3
cir,3
striking,3
secondly,3
obstinate,3
keenest,3
attorney,3
privilege,3
justly,3
obtain,3
lighted,3
fare,3
bidding,3
regimentals,3
overlooked,3
respecting,3
fallen,3
falling,3
regiments,3
incredulity,3
deeper,3
incredulous,3
security,3
growing,3
Five,3
kingdom,3
Sometimes,3
attraction,3
grove,3
privately,3
lamentations,3
acter,3
obeyed,3
treatment,3
excepting,3
hair,3
viewing,3
existed,3
existence,3
selfdenial,3
leads,3
Epsom,3
art,3
decease,3
excel,3
stating,3
incivility,3
impulse,3
stationed,3
perseverance,3
characters,3
tended,3
hackney,3
previous,3
stantly,3
blaming,3
selected,3
char,3
advance,3
notions,3
exclaiming,3
deceive,3
violence,3
overthrown,3
Ten,3
stances,3
consistent,3
stately,3
learned,3
excite,3
rying,3
Take,3
alter,3
presumption,3
article,3
daugh,3
lasted,3
adorned,3
alternative,3
nuptials,3
relates,3
perpetually,3
handed,3
extended,3
extensive,3
exclamations,3
guilt,3
acting,3
northern,3
travellers,3
exact,3
pretending,3
tendency,3
spread,3
bless,3
examined,3
expenses,3
steadfastly,3
vice,3
dearly,3
examination,3
princi,3
regular,3
deance,3
explaining,3
steadily,3
rejoicing,3
habits,3
overspread,3
later,3
fatigued,3
remembrance,3
obtained,3
replying,3
ungenerous,3
counte,3
supported,3
fret,3
inferiority,3
infor,3
poorly,3
contrast,3
ponies,3
pompous,3
intend,3
freely,3
Ramsgate,3
frivolous,3
intelligent,3
surely,3
saving,3
politely,3
glow,3
insupportable,3
saved,3
save,3
adieu,3
ungracious,3
preferred,3
placing,3
courses,3
agreement,3
tainly,3
olivebranch,3
unjust,3
tain,3
universally,3
universal,3
repetition,3
goodwill,3
repine,3
intermission,3
scandalous,3
interview,3
uniformly,3
intervals,3
interval,3
portion,3
plague,3
infamy,3
unhappily,3
unguarded,3
belonged,3
reprehensible,3
op,3
behav,3
cool,3
contrived,3
insignicance,3
unconsciously,3
ornaments,3
insensibility,3
convenience,3
unconcern,3
opposition,3
playful,3
genteel,3
instructions,3
Pride,3
admirer,3
gentlemens,3
pleasantness,3
unassuming,3
reputation,3
ple,3
swered,3
injured,3
attacks,3
reproof,3
contrive,3
oppose,3
admirable,3
Hert,3
furnish,3
represent,3
belong,3
planned,3
representation,3
cordially,3
gloom,3
openness,3
gaining,3
ingly,3
cordial,3
collected,3
opin,3
undeserving,3
plans,3
beholding,3
ployed,3
require,3
inhabitants,3
contrivance,3
inevitable,3
continuance,3
summons,3
fellows,3
remind,3
preaching,3
crowded,3
God,3
claimed,3
alliance,3
occur,3
betray,3
beths,3
consult,3
unwillingness,3
powerful,3
ture,3
adopt,3
jealous,3
cle,3
tures,3
gravely,3
odious,3
submit,3
gravel,3
fetch,3
civilly,3
stupid,3
defend,3
cruelly,3
grievous,3
faulty,3
tations,3
preferment,3
overcame,3
adapted,3
grieve,3
struggles,3
favourites,3
Par,3
season,3
Georgianas,3
fearing,3
urgent,3
becoming,3
communicate,3
reserves,3
betrayed,3
tumult,3
joke,3
Pardon,3
substance,3
until,3
pose,3
continual,3
resented,3
involved,3
forever,3
agreeing,3
pitiable,3
inviting,3
benevolence,3
offering,3
pitied,3
positive,3
adds,3
removing,3
invaluable,3
suitable,3
suitableness,3
suited,3
formality,3
intrusion,3
oftener,3
formerly,3
oured,3
forms,3
People,3
offenses,3
assume,3
fordshire,3
ren,3
follies,3
suc,3
succeed,3
piness,3
clearly,3
agreeably,3
gratefully,3
render,3
addressing,3
bent,3
poultry,3
postscript,3
unsettled,3
grat,3
offend,3
unreserved,3
contentment,3
offending,3
repaired,3
offense,3
vouch,3
condent,3
privileged,3
Before,3
devoted,3
purchased,3
angel,3
Between,3
ments,3
accompany,3
punish,3
punctually,3
detest,3
nately,3
review,3
determination,3
Young,3
comprehended,3
bye,3
wine,3
punctual,3
detained,3
avowed,3
drop,3
dropped,3
Believe,3
busily,3
natured,3
busi,3
building,3
built,3
affec,3
singing,3
nance,3
middle,3
confused,3
shaken,3
dia,3
burst,3
patron,3
sink,3
witnessed,3
witness,3
sinking,3
hurrying,3
awe,3
paused,3
withdrawn,3
merry,3
Most,3
duced,3
nay,3
boy,3
Lewis,3
apply,3
widow,3
slowly,3
widely,3
despised,3
wide,3
complying,3
mea,3
despise,3
barrassment,3
easiness,3
provoking,3
provoked,3
height,3
applying,3
illjudged,3
Nether,3
desperate,3
candour,3
white,3
Would,3
wifes,3
recital,3
avowal,3
wilful,3
duct,3
bowed,3
composed,3
calculated,3
meditating,3
tleman,3
willingness,3
willingly,3
Both,3
skill,3
ther,3
bourhood,3
settling,3
measures,3
ight,3
slighted,3
noisy,3
slightest,3
dying,3
meanly,3
compose,3
accidentally,3
boys,3
despaired,3
condition,3
momentary,3
abundantly,3
affections,3
threeandtwenty,3
affectionately,3
Mamma,3
Madam,3
riage,3
discussed,3
muslin,3
Allow,3
quickness,3
dignied,3
partic,3
housekeeping,3
disgusted,3
ried,3
sheet,3
tickets,3
rewarded,3
questioned,3
partners,3
shewas,3
missed,3
disconcerted,3
condemn,3
horrid,3
horse,3
honestly,3
disappoint,3
disappointing,3
ride,3
move,3
raising,3
shoot,3
break,3
rapid,3
hospitality,3
breach,3
bride,3
moral,3
hither,3
abusing,3
answering,3
bridge,3
discomposure,3
ticular,3
rationally,3
divide,3
conceive,3
worthy,3
reaching,3
hesitation,3
reader,3
qualied,3
hesitated,3
hesitate,3
minutely,3
Ly,3
patched,3
silently,3
quainted,3
quaintance,3
Lu,3
apparent,3
revived,3
wonders,3
accidental,3
shant,3
diversion,3
diverted,3
mis,3
mischief,3
banish,3
wounded,3
banished,3
disinterested,3
thirty,3
hills,3
misfortunes,3
dismissed,3
x,3
quartered,3
Annesley,3
Another,3
displayed,3
tidings,3
passion,3
dif,3
died,3
acceptance,3
writer,3
sign,3
announced,3
confessed,3
affect,3
peculiarly,3
detached,3
whispering,3
water,3
promises,3
th,3
teteatete,3
impatiently,3
reected,3
lottery,3
lotte,3
dependent,3
sorrow,3
caution,3
mak,3
arising,3
complaisance,3
conquest,3
Jones,3
refrain,3
sources,3
denied,3
denial,3
army,3
red,3
lovely,3
perceiving,3
haughty,3
solitude,3
maid,3
serenity,3
impa,3
encounter,3
carrying,3
accusations,3
impartial,3
Was,3
total,3
recovery,3
separated,3
soninlaw,3
pronounce,3
lowed,3
endeavouring,3
wealth,3
dered,3
ngers,3
conrmed,3
entitled,3
procuring,3
err,3
errors,3
tented,3
rude,3
walker,3
list,3
happily,3
dejection,3
conscious,3
happier,3
happi,3
deigned,3
regarded,3
waiter,3
cern,3
defer,3
likeness,3
cerned,3
Tis,3
cers,3
restoration,3
walks,3
demand,3
speeches,3
Undoubtedly,3
procured,3
paddock,3
sensibility,3
envelope,3
route,3
nity,3
envy,3
speaks,3
spect,3
sensations,3
amends,3
sensation,3
imposed,3
eral,3
tention,3
wandering,3
liveliest,3
ered,3
descended,3
June,3
begins,3
effort,3
propose,3
negative,3
manage,3
careful,3
La,3
capital,3
amusements,3
Carolines,3
retired,3
wellbred,3
marks,3
bonnet,3
apprehen,3
complied,3
designed,3
complimented,3
recommendation,3
advised,3
card,3
mantelpiece,3
bordering,3
approved,3
illwill,3
Without,3
comply,3
accounts,3
cardtable,3
carefully,3
tongue,3
needless,3
whilst,3
illnatured,3
descent,3
provide,3
employ,3
needed,3
heavy,3
effects,3
emotion,3
haviour,3
rm,3
deserves,3
tear,2
Matlock,2
inheriting,2
tation,2
Phillipses,2
ballroom,2
informing,2
housemaid,2
ruined,2
incredible,2
condante,2
tents,2
commanded,2
compan,2
rudeness,2
pack,2
tend,2
tenants,2
originally,2
symptoms,2
Pratt,2
owes,2
conde,2
partake,2
hot,2
hu,2
sary,2
inict,2
improper,2
parade,2
concisely,2
compatible,2
sarily,2
communicated,2
originated,2
thatis,2
rival,2
concurrence,2
illusage,2
independent,2
thoroughly,2
improves,2
competition,2
ingenious,2
thorough,2
theirs,2
horseback,2
affectation,2
tenderly,2
paltry,2
panegyric,2
rmest,2
Mery,2
impudence,2
ingenuity,2
beau,2
thereupon,2
rule,2
saloon,2
talent,2
Nonsense,2
ours,2
More,2
Next,2
concealment,2
composedly,2
individual,2
sadly,2
rode,2
befall,2
rightly,2
idleness,2
indisposed,2
tax,2
comparing,2
sance,2
compared,2
included,2
Militia,2
Nicholls,2
induce,2
induced,2
Nobody,2
ous,2
hypocritical,2
immovable,2
Mount,2
pair,2
indulged,2
Pember,2
comprised,2
rise,2
indolence,2
inconsistencies,2
pal,2
NoI,2
including,2
sakes,2
pared,2
page,2
comparative,2
bearing,2
sage,2
begging,2
humanity,2
inattentive,2
bears,2
inattention,2
termination,2
sanguine,2
informa,2
impor,2
Or,2
imaginable,2
commencement,2
Other,2
teased,2
banks,2
incensed,2
parcels,2
adventure,2
sanctioned,2
thereby,2
tained,2
rob,2
tempered,2
incessantly,2
testied,2
indirect,2
commended,2
Michaelmas,2
humiliation,2
compli,2
advantageously,2
indignity,2
pales,2
humiliating,2
thatin,2
painfully,2
oth,2
dirt,2
injure,2
accounted,2
serve,2
borrow,2
accounting,2
manor,2
born,2
Within,2
bordered,2
cardtables,2
sermons,2
ners,2
nery,2
soliciting,2
bold,2
malicious,2
malice,2
male,2
solidity,2
carelessness,2
cares,2
captivating,2
neglecting,2
slave,2
marryingand,2
neatness,2
boundary,2
camp,2
slow,2
accomplishment,2
sly,2
setting,2
meI,2
slyness,2
accosted,2
smart,2
nected,2
cant,2
bottle,2
maternal,2
canvassed,2
smilingly,2
neglected,2
mas,2
nest,2
maintained,2
somehow,2
boasted,2
cease,2
ning,2
sparkled,2
lodges,2
acknowl,2
Un,2
special,2
livery,2
celebrated,2
censured,2
listener,2
acknowledgment,2
speedy,2
cere,2
sen,2
noise,2
ceremonious,2
sphere,2
liking,2
nine,2
longing,2
space,2
loud,2
cas,2
cast,2
loving,2
loves,2
W,2
loveliness,2
loudly,2
accustomed,2
lottes,2
sensibly,2
lot,2
Vain,2
cautioning,2
lord,2
soul,2
Unless,2
soup,2
blue,2
settlement,2
sketch,2
admiring,2
brightest,2
absurdities,2
mixed,2
sheltered,2
mitted,2
misunderstand,2
shy,2
brink,2
shyness,2
sible,2
abruptly,2
abrupt,2
missent,2
miss,2
misrepresented,2
brain,2
sider,2
shecould,2
sideration,2
sig,2
brilliancy,2
model,2
meditated,2
moderate,2
mour,2
breaking,2
motherinlaw,2
accents,2
shock,2
breast,2
breath,2
mouths,2
breathless,2
mortal,2
morn,2
abusive,2
shewould,2
mony,2
abused,2
abuse,2
modest,2
modern,2
moderation,2
broke,2
sigh,2
brotherinlaw,2
signal,2
meso,2
sionally,2
mes,2
shade,2
merited,2
narrowly,2
nary,2
mer,2
sey,2
sisterly,2
natu,2
bows,2
accompanying,2
memories,2
member,2
sive,2
Youcannot,2
meets,2
bours,2
shake,2
singular,2
meto,2
sharing,2
sharpened,2
signed,2
signicant,2
mirth,2
signify,2
miraculous,2
sharp,2
abominate,2
brotherly,2
shaking,2
miniatures,2
mysake,2
ably,2
similarity,2
shape,2
shameful,2
mildness,2
singled,2
spiritless,2
blinded,2
lifted,2
iour,2
involving,2
Ros,2
involve,2
involuntarily,2
sufferings,2
school,2
suggest,2
invariably,2
ofsome,2
scenes,2
intrude,2
scattered,2
scarlet,2
intro,2
older,2
intricate,2
intolerable,2
range,2
closest,2
suf,2
scolding,2
spoilt,2
irksome,2
jects,2
additional,2
class,2
scrupled,2
cleared,2
itor,2
screen,2
subsisted,2
subsisting,2
substantial,2
ished,2
irting,2
irtation,2
irritation,2
Scotch,2
Scarcely,2
successful,2
offence,2
Say,2
intimately,2
inti,2
interrupting,2
ommend,2
inspired,2
inspection,2
collecting,2
beheld,2
admira,2
suspended,2
insincere,2
behaves,2
colonel,2
behave,2
colouring,2
satisfac,2
sweetest,2
innocent,2
comfortably,2
innite,2
admires,2
satin,2
injurious,2
sus,2
instances,2
collect,2
suppress,2
supplied,2
Remember,2
suppos,2
adieus,2
beloved,2
coarseness,2
intently,2
intentionally,2
suppressed,2
survive,2
sur,2
surmise,2
integrity,2
instruction,2
bell,2
surrounding,2
instinctively,2
coldly,2
occurring,2
Seriously,2
occupy,2
numerous,2
start,2
seized,2
leaves,2
startled,2
characteristic,2
stated,2
statement,2
charged,2
laying,2
station,2
Tease,2
laughter,2
laughingly,2
acquiescence,2
seeming,2
acquired,2
checking,2
lat,2
acquit,2
stands,2
changing,2
staircase,2
liberally,2
lieved,2
nonsensical,2
lieu,2
noon,2
acquain,2
north,2
licence,2
spots,2
liberality,2
staid,2
lial,2
liable,2
selfreproach,2
acquaint,2
selfgratulation,2
selfconsequence,2
chambermaid,2
lesson,2
lasting,2
cheerfully,2
se,2
cheering,2
observer,2
condemned,2
obstacles,2
obstinacy,2
Something,2
striving,2
stroke,2
Society,2
obtruded,2
circulation,2
seats,2
oc,2
struggled,2
judgment,2
judging,2
studied,2
joyful,2
search,2
studies,2
stretch,2
strenuously,2
observations,2
storm,2
stiffness,2
landlord,2
action,2
lagged,2
lage,2
bitterly,2
stopping,2
bitter,2
secretly,2
Soon,2
la,2
stout,2
birds,2
acute,2
ci,2
knighthood,2
cially,2
kissed,2
kinder,2
retained,2
partly,2
deceiving,2
vil,2
deceitful,2
vility,2
exerted,2
exert,2
exer,2
previously,2
prey,2
excuses,2
excused,2
price,2
exceed,2
exclamation,2
decency,2
exclaim,2
exciting,2
decent,2
violation,2
excess,2
regulars,2
excellence,2
deciency,2
exhibition,2
prevailing,2
existing,2
expecta,2
presume,2
veracity,2
Everything,2
expressively,2
expressive,2
date,2
dated,2
Even,2
exposed,2
vexatious,2
explicit,2
explanations,2
explana,2
experience,2
deavoured,2
expeditiously,2
expedient,2
rejection,2
viction,2
prevail,2
rejecting,2
exceeded,2
exasperate,2
watch,2
amendment,2
arranging,2
espe,2
deliberately,2
es,2
erwise,2
arranged,2
wandered,2
ere,2
Dearest,2
arrange,2
ward,2
vis,2
warehouses,2
envied,2
delights,2
warmest,2
entreated,2
refreshing,2
prodigiously,2
around,2
dened,2
reference,2
essential,2
essentials,2
Dont,2
deferred,2
decisive,2
examine,2
Easter,2
regretting,2
ew,2
arrive,2
decline,2
prior,2
vivacity,2
During,2
everybodys,2
deepest,2
evenness,2
defence,2
volume,2
voluntary,2
etiquette,2
regardless,2
vulgar,2
estimable,2
proach,2
pressions,2
articles,2
extracts,2
praised,2
remove,2
assertions,2
practises,2
fering,2
Gouldings,2
ference,2
fer,2
unwell,2
assertion,2
females,2
Goodbye,2
vented,2
fellowcreatures,2
crossing,2
fell,2
praises,2
felic,2
Go,2
upper,2
precious,2
fection,2
Give,2
feverish,2
unt,2
creditors,2
creditable,2
forgiveness,2
unluckily,2
Grosvenor,2
positively,2
unnatural,2
alike,2
Gretna,2
Green,2
alive,2
foreseen,2
possessor,2
possi,2
repaid,2
assisting,2
renewing,2
alland,2
foot,2
assis,2
fool,2
fonder,2
unsuitable,2
precipitance,2
feature,2
remembering,2
First,2
prepossession,2
vanished,2
falls,2
relieve,2
als,2
fairly,2
presented,2
custom,2
variation,2
fainter,2
presently,2
failing,2
Far,2
Excuse,2
fa,2
vast,2
preservation,2
ascertain,2
veandtwenty,2
vent,2
dark,2
aloof,2
familiarly,2
allowance,2
assem,2
remedy,2
crying,2
favours,2
assented,2
favourably,2
usu,2
cumstance,2
Forsters,2
Forgive,2
fate,2
fastidious,2
assemblies,2
fashions,2
prejudices,2
vague,2
allusions,2
farm,2
honours,2
curricle,2
curt,2
preparations,2
denoted,2
ensure,2
covering,2
worthless,2
disturbed,2
distrust,2
woody,2
wore,2
distracted,2
distinguishing,2
distinguish,2
ankles,2
worldly,2
worn,2
disrespect,2
quently,2
apothecary,2
wound,2
dispute,2
wounding,2
quarreling,2
wretchedness,2
disposal,2
displaying,2
dispatched,2
quarters,2
wondering,2
wonderfully,2
wonderful,2
animated,2
pur,2
Besides,2
wishedfor,2
draughts,2
doubts,2
doubtless,2
Because,2
doubting,2
pure,2
Barnet,2
double,2
appears,2
doorbell,2
anguish,2
dialogue,2
pursued,2
pursuing,2
diate,2
doings,2
appeal,2
apparently,2
xing,2
yawn,2
arm,2
Adieu,2
anticipating,2
discomposed,2
rapture,2
Again,2
rage,2
rapidly,2
ant,2
discharging,2
discharged,2
discharge,2
discern,2
rattle,2
yourselves,2
rallied,2
rally,2
dinnertime,2
ramble,2
rant,2
direc,2
disagree,2
disadvantages,2
directing,2
anx,2
youbut,2
discourage,2
discouraged,2
ques,2
apologised,2
disinclination,2
apologies,2
annum,2
apartments,2
diffuse,2
answerable,2
Allowing,2
disgracing,2
disdained,2
dilatory,2
discuss,2
yielded,2
yielding,2
discredit,2
quieted,2
ying,2
youand,2
rapturous,2
anxiously,2
development,2
dreadfully,2
determining,2
ar,2
archly,2
Christian,2
emo,2
recommending,2
embracing,2
embraced,2
describing,2
welland,2
embar,2
proprietor,2
deserts,2
winking,2
eloquent,2
amount,2
elope,2
recom,2
prosperous,2
wet,2
protection,2
apprehensions,2
ample,2
deserving,2
wel,2
propos,2
reconciled,2
descending,2
ensued,2
watchfulness,2
reel,2
departed,2
aris,2
Consider,2
reduced,2
depressed,2
deprived,2
ened,2
rector,2
endless,2
prone,2
endeav,2
derive,2
weary,2
encour,2
ardently,2
enabled,2
reconciliation,2
weighed,2
whence,2
amply,2
elapsed,2
wilfully,2
dutifully,2
duties,2
duration,2
dur,2
duplicity,2
willknow,2
appetite,2
publicly,2
anecdote,2
duction,2
receiv,2
receipt,2
recalled,2
detain,2
dropt,2
recall,2
detaining,2
detected,2
drily,2
detection,2
wink,2
dwell,2
destroyed,2
whichever,2
dyship,2
ei,2
effusions,2
effusion,2
efforts,2
effectually,2
whims,2
desiring,2
ef,2
appointed,2
edge,2
ecstasy,2
whither,2
provision,2
eating,2
eas,2
wickedness,2
earnestness,2
despising,2
earlier,2
ear,2
ea,2
Haggerston,2
reluctant,2
conquer,2
genuine,2
returns,2
pleases,2
genius,2
guide,2
guidance,2
conveyed,2
authorised,2
toilette,2
triumphantly,2
restored,2
convey,2
hehave,2
pleasantry,2
affronted,2
pleasanter,2
Hursts,2
hav,2
ger,2
contented,2
reputed,2
resentfully,2
pecuniary,2
uncertain,2
conversing,2
gether,2
haps,2
guardianship,2
transactions,2
guided,2
revealed,2
hauteur,2
reproofs,2
undo,2
poetry,2
resign,2
representing,2
happening,2
pear,2
pocket,2
pily,2
repressed,2
triumphant,2
plication,2
gates,2
revenge,2
Little,2
reproached,2
plete,2
undergone,2
gratify,2
consciousness,2
gay,2
avoiding,2
pledged,2
congratulated,2
gener,2
generality,2
rested,2
atone,2
heavens,2
resolutely,2
guilty,2
contracted,2
tranquil,2
conrming,2
conjectures,2
conjecturing,2
restrain,2
pendence,2
Kittys,2
conjugal,2
penetration,2
ular,2
ugly,2
contradict,2
performers,2
retain,2
ght,2
res,2
gross,2
resentful,2
governed,2
tor,2
twentyseven,2
headache,2
trusting,2
continuing,2
connect,2
gowns,2
attentively,2
peo,2
grand,2
group,2
goes,2
godson,2
hearty,2
pleas,2
turns,2
plead,2
consisted,2
unavailing,2
tween,2
requesting,2
giv,2
players,2
ton,2
unaffectedly,2
conjec,2
Impossible,2
petticoat,2
covered,2
contribute,2
glimpse,2
unaccountable,2
gloomy,2
peevish,2
planning,2
conjectured,2
John,2
goand,2
pen,2
resistance,2
pitiful,2
mountains,2
January,2
tribute,2
throwing,2
backgammon,2
hadbeen,2
founded,2
conditionally,2
persist,2
passage,2
condole,2
passages,2
fourth,2
ticularly,2
formation,2
pieces,2
throughout,2
tide,2
himI,2
conducted,2
thoughtless,2
hill,2
port,2
tiently,2
authoritative,2
consulted,2
gain,2
unhappiness,2
hide,2
unite,2
trial,2
thoughtlessness,2
hitherto,2
posed,2
trespass,2
courtesy,2
Marias,2
March,2
threadbare,2
holding,2
halfhours,2
courted,2
unjustly,2
fortnights,2
conding,2
fortu,2
courtship,2
unjustiable,2
afrmative,2
fortunes,2
grief,2
tress,2
forwarded,2
persisted,2
affording,2
audience,2
portraits,2
traced,2
Make,2
counteracted,2
respected,2
ties,2
transports,2
Happy,2
aston,2
polished,2
Lizzys,2
agement,2
pauses,2
hereafter,2
unembarrassed,2
hereabouts,2
afnity,2
pointment,2
correspondent,2
correct,2
perfections,2
pausing,2
consented,2
Hertford,2
awake,2
personal,2
gaged,2
trim,2
resolve,2
hates,2
gaieties,2
gaiety,2
gaily,2
fruits,2
grievances,2
awed,2
tinued,2
coun,2
treasure,2
fretfully,2
fretfulness,2
perturbation,2
tiful,2
perplexity,2
Instead,2
considerably,2
ting,2
unforgiving,2
cough,2
unfelt,2
handsomely,2
unfeeling,2
awful,2
alas,2
unfavourable,2
handsomer,2
unexpectedly,2
consulting,2
confession,2
containing,2
fronted,2
thoughtfulness,2
Harriet,2
rospections,1
accomplishedShe,1
rough,1
settlements,1
aficted,1
roses,1
settledhe,1
restthere,1
repent,1
aficting,1
recollectionit,1
recollec,1
amthe,1
respective,1
serves,1
served,1
respectful,1
amounting,1
advancement,1
respectablelooking,1
recommenced,1
sertion,1
afresh,1
ruining,1
amnota,1
afiction,1
serviceand,1
restrained,1
recognized,1
advantageous,1
advanta,1
reckon,1
reckoned,1
setdowns,1
restoring,1
recognizing,1
services,1
row,1
advances,1
recol,1
restless,1
sev,1
servility,1
serving,1
reanimated,1
ance,1
revolted,1
answerbut,1
revive,1
rated,1
sheis,1
sheets,1
ration,1
shedoes,1
rings,1
riod,1
shed,1
revival,1
risen,1
reverting,1
rises,1
annual,1
shebe,1
reverse,1
annoyed,1
reverie,1
revered,1
revenging,1
revolt,1
rassment,1
revealing,1
revolution,1
ridge,1
ranksuch,1
shillings,1
rap,1
shifting,1
richly,1
rapacity,1
shift,1
ridiculing,1
shield,1
riding,1
shewed,1
shew,1
revolving,1
sheshall,1
rapturously,1
rashness,1
rassed,1
shemeant,1
rightful,1
shelves,1
affable,1
annexed,1
seven,1
roasted,1
shades,1
reasoning,1
retirement,1
retains,1
rocks,1
rebuke,1
severity,1
anew,1
retaining,1
severest,1
retailing,1
romantic,1
retail,1
recede,1
ret,1
anecdotes,1
resuming,1
resume,1
accomplish,1
advertised,1
ancientthough,1
angelic,1
roads,1
rites,1
reasonableness,1
readilyeasilyto,1
ankle,1
rivals,1
advising,1
affords,1
sharers,1
animating,1
retrospective,1
rivers,1
shameless,1
realised,1
realities,1
retreating,1
ani,1
accompa,1
rmly,1
retreated,1
reap,1
reappear,1
rmness,1
angrily,1
sermonmaking,1
resisted,1
resource,1
reproaches,1
relied,1
satisfactions,1
airs,1
repressing,1
repress,1
secondhand,1
seconded,1
admi,1
seclusion,1
relinquish,1
relished,1
secluded,1
reluctance,1
sec,1
alarms,1
satisfying,1
rely,1
saucy,1
represen,1
remainder,1
savage,1
repose,1
reports,1
allurements,1
alluding,1
allude,1
acutest,1
secrets,1
release,1
allthe,1
altar,1
acquiesce,1
requir,1
requester,1
requested,1
airing,1
seennight,1
rejoic,1
amaze,1
altogetherMr,1
sash,1
acquire,1
rejoined,1
acquisition,1
rekindled,1
satirical,1
although,1
repulsive,1
satisedand,1
alternate,1
acrimony,1
alteredwhat,1
repulsed,1
seduction,1
sedateness,1
repugnant,1
sedate,1
repugnance,1
reporting,1
allowand,1
advan,1
scorn,1
repined,1
rence,1
repinebut,1
scarce,1
rencontre,1
adhered,1
scores,1
alleviate,1
scarcity,1
scope,1
renements,1
allayed,1
repented,1
rep,1
repentance,1
allall,1
allCheapside,1
scolded,1
scendingly,1
adequate,1
repel,1
scold,1
science,1
scheming,1
repelled,1
adept,1
scenesdoes,1
alleviated,1
scampering,1
remarked,1
repining,1
allowances,1
seasonable,1
searching,1
allowable,1
seabathing,1
savours,1
alienated,1
adjusting,1
replies,1
sawand,1
remonstrance,1
alighted,1
scrutiny,1
replete,1
sayof,1
replace,1
adhering,1
additions,1
scribed,1
screens,1
repinings,1
sayshe,1
remorse,1
scale,1
scrape,1
scorned,1
allher,1
aimed,1
sarcastic,1
seize,1
rectly,1
adoration,1
accused,1
recurring,1
accusing,1
senti,1
sentences,1
redress,1
reecting,1
agi,1
amid,1
amiablebut,1
adopted,1
sented,1
reestablish,1
resolute,1
resolu,1
resisting,1
ached,1
referred,1
refrained,1
agitations,1
safest,1
ami,1
agonies,1
safety,1
achieving,1
refuge,1
rectory,1
sacriced,1
amazes,1
sentinel,1
reconcile,1
sermon,1
runs,1
ruption,1
rushed,1
resounding,1
afterthe,1
accuracy,1
accurate,1
seri,1
reconciling,1
recov,1
resolvednor,1
accusation,1
sequent,1
sequel,1
amiss,1
separating,1
aming,1
separates,1
amined,1
separately,1
s,1
recreation,1
rectitude,1
sep,1
sentment,1
resignation,1
refus,1
amendsof,1
refusals,1
regretted,1
sameness,1
sell,1
selfwilled,1
regularly,1
selfsufciency,1
research,1
rescue,1
sanction,1
selfimposed,1
selfdeception,1
regulate,1
regulation,1
selfconceit,1
selfcomplacency,1
sand,1
sang,1
reread,1
requited,1
selfcommand,1
acquaintancean,1
selecting,1
requisite,1
rein,1
aid,1
acquainting,1
seizing,1
admission,1
amazing,1
admittance,1
reg,1
acknowledging,1
amendsbut,1
residing,1
sagacity,1
sennight,1
seniority,1
sends,1
resides,1
refute,1
sending,1
agony,1
agreeableallowing,1
regain,1
selshness,1
admitting,1
seminaries,1
regained,1
ambition,1
agreeablelooking,1
salad,1
resentments,1
sallied,1
regarding,1
amazingbut,1
sembly,1
acknowledgments,1
shine,1
superexcellent,1
accep,1
Hear,1
unfortu,1
Haye,1
unfortunatebut,1
unfortunately,1
unfrequently,1
ungovern,1
ungraciousness,1
Hateld,1
unheard,1
uniform,1
uniformity,1
unimportant,1
unintelligible,1
Hate,1
Harringtons,1
uniting,1
universities,1
unjustanything,1
unkindness,1
unknowingly,1
Happiness,1
unluck,1
unmarked,1
unmoved,1
unnaturally,1
unnecessarily,1
Great,1
unpleasantly,1
unpleasing,1
unfolding,1
unfold,1
Honourable,1
unfavourably,1
uncon,1
unconcerned,1
Hiseyes,1
uncontrolled,1
undeceive,1
Hewas,1
Heshall,1
Hertfordshirepaid,1
understandingthough,1
Hertfordshireand,1
undertaken,1
undertaking,1
undervalued,1
undervaluing,1
undeserved,1
undetermined,1
undiminished,1
undone,1
undoubted,1
undutiful,1
uneasi,1
Hernot,1
uneasya,1
Hermind,1
unequally,1
unex,1
unexampled,1
Heavens,1
unexpectedfor,1
unpre,1
unpretending,1
unprincipled,1
unpro,1
uproar,1
upstart,1
upthough,1
ural,1
urday,1
Girls,1
Geor,1
Generous,1
Generals,1
General,1
uselessly,1
using,1
usto,1
Friday,1
French,1
ut,1
utterings,1
utterly,1
vacancy,1
Fordyces,1
vailed,1
Follies,1
val,1
valid,1
Fixed,1
valu,1
Find,1
valuedthat,1
valueless,1
uppermost,1
upbraiding,1
upbraided,1
unsuccessfully,1
unprotable,1
unqualied,1
unquestionably,1
Grantleys,1
unreasonably,1
unreserve,1
unrestrained,1
unseldom,1
unshackled,1
unshaken,1
unsocial,1
unstudied,1
unsubdued,1
unsuspicious,1
uously,1
untamed,1
untary,1
untidy,1
untinctured,1
untitledfamilies,1
untouched,1
unusual,1
unvarying,1
unwearying,1
unwill,1
Goulding,1
unworthily,1
Gods,1
uncompanionable,1
Hope,1
February,1
travel,1
Jenkinsons,1
trayed,1
treasured,1
Janewhich,1
treating,1
Janeone,1
tremble,1
trembled,1
trembling,1
tremblings,1
tremely,1
trepidation,1
tressed,1
trials,1
tributed,1
tricks,1
Janehis,1
Janefrom,1
tries,1
Iwillread,1
triously,1
triumphing,1
trivance,1
troness,1
troop,1
Itiswonderful,1
troublesome,1
troubling,1
trout,1
travelled,1
trav,1
Howsoever,1
trate,1
toofor,1
top,1
topic,1
topics,1
torment,1
tormenting,1
tort,1
tortured,1
toshe,1
Kenilworth,1
Keep,1
Just,1
July,1
Jonestherefore,1
townand,1
Joness,1
traces,1
tractable,1
tracted,1
trades,1
tradesman,1
train,1
trait,1
tranquilly,1
transferred,1
transient,1
transition,1
transpired,1
transport,1
Italian,1
truest,1
Isaw,1
trunk,1
ulated,1
ulations,1
ultimately,1
Ignorant,1
unabashed,1
unabated,1
Ido,1
unacknowledged,1
unacquainted,1
Ididhear,1
unallied,1
unalloyed,1
unalterable,1
unanswerable,1
unappeasable,1
unasked,1
unassailed,1
unattended,1
unavoidable,1
unavoidably,1
unaware,1
unbecoming,1
unbending,1
unblemished,1
uncertainty,1
unchanged,1
Hunsfordbetween,1
Human,1
uncomfort,1
ulars,1
uglier,1
uently,1
Imprudence,1
trunks,1
Irish,1
Into,1
Intimate,1
Interested,1
Insolent,1
tuality,1
tuated,1
Inever,1
tuned,1
Imust,1
turnand,1
Imprudent,1
turnpike,1
ued,1
turnpikes,1
Importance,1
twelvemonths,1
twelvemonthshe,1
Implacable,1
twentyfour,1
Imagine,1
Im,1
twoinstances,1
twomen,1
ucated,1
uctuating,1
udiced,1
vanish,1
Fatigued,1
ships,1
willfully,1
willrecollect,1
willthank,1
win,1
wind,1
winding,1
windings,1
Booksoh,1
Blenheim,1
windowshe,1
Blame,1
wisdom,1
Birmingham,1
Beyond,1
wiser,1
BennetMy,1
Bell,1
withIt,1
withdrawing,1
Bath,1
Balls,1
withstood,1
witnessing,1
witsand,1
witticisms,1
witty,1
wives,1
woe,1
Bakewell,1
womanly,1
willleave,1
willbebut,1
welleducated,1
Boulanger,1
wellinformed,1
wellwisher,1
Cheap,1
wentand,1
Chatsworth,1
weshall,1
west,1
Charlotteimpossible,1
Change,1
whatshisname,1
whatsomething,1
Chamberlayne,1
Cer,1
wher,1
Care,1
Cambridgemost,1
whimsical,1
Call,1
whispered,1
Butnowwe,1
Butgood,1
Brotherinlaw,1
Bromley,1
British,1
Britain,1
Breakfast,1
wickedest,1
Bourghthe,1
wilder,1
B,1
Ayethat,1
womens,1
Ayebecause,1
yesof,1
yester,1
yesthat,1
yesthe,1
yesthere,1
Al,1
yieldingcertainly,1
Against,1
youMr,1
youan,1
youas,1
yoube,1
youby,1
youhad,1
youhave,1
youhow,1
youll,1
Affectation,1
Af,1
youought,1
youperfect,1
Accordingly,1
Accept,1
yourselfand,1
Absence,1
youths,1
youto,1
youunable,1
youwas,1
yesit,1
yesif,1
yeshe,1
Any,1
Away,1
Austen,1
August,1
Attendance,1
Astonishment,1
Assistance,1
workbags,1
Ash,1
Arguments,1
Archbishop,1
April,1
Anything,1
worthlessness,1
wouldI,1
yesI,1
Anxious,1
wretchedly,1
Anxiety,1
writes,1
writingtable,1
Annes,1
Amongst,1
yards,1
yawned,1
yawning,1
Among,1
Amazed,1
Already,1
wellgrown,1
welldoing,1
vari,1
victory,1
Engaged,1
vigorously,1
vigour,1
Elizato,1
villainous,1
vinced,1
vindica,1
vindication,1
violated,1
Elizabeththere,1
Elizabethand,1
Edwardstreet,1
visi,1
Edw,1
Easterday,1
Eastbourne,1
Eager,1
Each,1
E,1
vogue,1
void,1
vol,1
volatility,1
volubility,1
Dovedale,1
vouchsafed,1
vow,1
vows,1
vulgarity,1
vide,1
victim,1
Choose,1
vicious,1
variance,1
varieties,1
Family,1
varying,1
vastly,1
vations,1
vative,1
Except,1
vehemence,1
vember,1
veneration,1
venison,1
venting,1
Exceedingly,1
Exceed,1
venturing,1
verdure,1
verily,1
versed,1
verses,1
versing,1
Ever,1
vex,1
vexations,1
Esq,1
vexing,1
veying,1
vices,1
vicinity,1
Dove,1
Dining,1
waitingwoman,1
waived,1
wavering,1
Conceal,1
waysseen,1
wayswith,1
wayteaching,1
Con,1
Compliments,1
weakened,1
weakest,1
Complied,1
weaknesses,1
weakspirited,1
wear,1
weare,1
wearied,1
wearisome,1
wears,1
Compared,1
Commerce,1
wedo,1
Clements,1
Clarkes,1
weep,1
wehad,1
weighty,1
weknow,1
Church,1
welcoming,1
Christ,1
wavered,1
wave,1
waterplant,1
Darcyand,1
waking,1
Design,1
Der,1
Depend,1
wander,1
Day,1
Dawson,1
wantonly,1
Daughters,1
warded,1
wardness,1
Darcythat,1
Darcybut,1
Dale,1
wateringplace,1
Courier,1
warned,1
warrant,1
Convinced,1
wascoming,1
washave,1
waste,1
wasting,1
wasuncivil,1
Consoled,1
watches,1
watchful,1
Console,1
Kympton,1
tonishment,1
tonight,1
sportsmen,1
sprained,1
sprang,1
spreading,1
Thought,1
springing,1
springs,1
spur,1
spurned,1
squeamish,1
stability,1
stables,1
stage,1
staggered,1
Think,1
stamp,1
stance,1
Things,1
Theres,1
stanzas,1
ThereI,1
staredmany,1
Theatre,1
starting,1
starve,1
stateliness,1
Teasing,1
stays,1
steadfast,1
steadiness,1
Thoughtless,1
sports,1
sorely,1
sportive,1
Vanity,1
sounds,1
sour,1
Unhappy,1
spacious,1
Unfeeling,1
spars,1
spasms,1
Under,1
speaker,1
spectability,1
spectable,1
spected,1
spection,1
speculation,1
Twice,1
speed,1
speediest,1
Towards,1
Too,1
Tomorrow,1
Times,1
Thus,1
spiteful,1
spleen,1
splendour,1
Through,1
spokesman,1
Three,1
Surely,1
stem,1
Sure,1
stepped,1
strictly,1
strictures,1
strikingly,1
stroll,1
Smiles,1
strongest,1
Single,1
stronglymarked,1
Shewill,1
struggle,1
struggling,1
strument,1
stubbornness,1
studier,1
studious,1
Shea,1
stuffy,1
stumbling,1
stupider,1
Sermons,1
styleAnd,1
stylefor,1
su,1
suaded,1
September,1
Sept,1
subjection,1
Send,1
subjoin,1
strictest,1
stretching,1
stretched,1
Stone,1
stepping,1
Sur,1
Supposing,1
stify,1
stiles,1
Stupid,1
stir,1
stirring,1
stirs,1
stockings,1
stole,1
stone,1
Stop,1
Stoke,1
stress,1
store,1
storing,1
Steady,1
stoutly,1
Stay,1
strangely,1
strangeness,1
Speak,1
Spanish,1
stratagems,1
straws,1
South,1
streets,1
Vingtun,1
sore,1
tongues,1
simpered,1
simple,1
abiding,1
simply,1
abide,1
abhorrent,1
abhor,1
abatement,1
ab,1
Youwish,1
singling,1
sings,1
Youwere,1
Youwant,1
sire,1
sirous,1
Youthink,1
sistency,1
Youobserved,1
sisterin,1
sisterinlaw,1
Younger,1
sisting,1
sittingroom,1
Youknow,1
Yougo,1
sixpence,1
Youbegan,1
sixth,1
Youare,1
simpers,1
ablution,1
sor,1
silliest,1
acceding,1
shoe,1
shoes,1
acceded,1
accede,1
shopboy,1
shopping,1
shops,1
shorten,1
shorter,1
shortness,1
shoulders,1
abundant,1
absurdity,1
shrewish,1
shrink,1
shrug,1
sic,1
sical,1
abruptness,1
sideboard,1
sideglass,1
siderable,1
siderably,1
sighed,1
abound,1
signcy,1
signs,1
silenced,1
sized,1
slacken,1
York,1
sleeping,1
Wilfully,1
solem,1
Widely,1
Wickhamwhen,1
solicit,1
solicitation,1
Wholly,1
solid,1
Whilst,1
solutely,1
solved,1
Which,1
Whether,1
someone,1
somer,1
Wherever,1
Whenever,1
Westerham,1
Webbs,1
Watsons,1
Warwick,1
songs,1
sonin,1
sonnet,1
sons,1
sonsinlaw,1
War,1
soothe,1
soothed,1
soldiers,1
solaced,1
solace,1
Woods,1
sleepless,1
sleeves,1
slept,1
Yesthe,1
Yesif,1
slit,1
sloping,1
slowlyand,1
slyhe,1
Yesbut,1
Write,1
Wretched,1
Words,1
smirks,1
sol,1
smoothly,1
sneer,1
sneering,1
snug,1
Wont,1
sobut,1
soci,1
social,1
societies,1
Women,1
sofas,1
soft,1
softness,1
subsequent,1
subsided,1
subsist,1
thankfulness,1
thatabominable,1
thatbe,1
thatevening,1
thatmade,1
thatpain,1
thatthey,1
thatto,1
thatwas,1
thatwhen,1
thatwhich,1
thatwill,1
thatwould,1
theatres,1
Neglect,1
Nearly,1
Myoverhearings,1
thenbut,1
thence,1
thensome,1
thensupposing,1
Myaffections,1
thereYours,1
Must,1
thereforeI,1
therein,1
theres,1
thers,1
Morris,1
Money,1
thatI,1
thankfully,1
substitute,1
,1
temptations,1
Obstinate,1
Observing,1
tenance,1
tenant,1
tence,1
Oakham,1
tener,1
tening,1
tenor,1
tens,1
tent,1
tentions,1
tentive,1
O,1
tercourse,1
terly,1
term,1
termed,1
Nowhat,1
terpart,1
terric,1
terruption,1
tertain,1
terwards,1
test,1
testi,1
testifying,1
testimony,1
Millers,1
thirdly,1
thirdlywhich,1
thirteen,1
tionate,1
tionately,1
Lon,1
tioning,1
tire,1
Lizzyif,1
tirement,1
tires,1
tiresome,1
tithes,1
title,1
titled,1
titude,1
tively,1
tives,1
Liverpool,1
tled,1
tlemen,1
toYou,1
tobut,1
Letters,1
togetherand,1
tohim,1
token,1
Laugh,1
toldthe,1
Lately,1
Last,1
Lane,1
Londonhis,1
tinue,1
tinually,1
threatened,1
Metcalfs,1
thisis,1
thissentence,1
thisthough,1
thiswe,1
thiswould,1
thitherfor,1
thoroughbass,1
Merely,1
thou,1
Marys,1
thoughtful,1
thoughtreconsidering,1
threats,1
timidate,1
threevery,1
throat,1
M,1
Lydiawhat,1
thwarted,1
ticed,1
tics,1
ticulars,1
tience,1
tiest,1
Lydiathe,1
timed,1
timents,1
Occupied,1
October,1
temporary,1
suspecting,1
superintends,1
Rendered,1
superiority,1
superlatively,1
superseded,1
Removed,1
supplication,1
supplying,1
Regard,1
Reection,1
Recovering,1
supposi,1
Really,1
Read,1
surest,1
surmises,1
surmount,1
surpass,1
surpassing,1
Putting,1
surpriseall,1
Put,1
surprisedso,1
surrounded,1
survey,1
survived,1
survivor,1
susceptibility,1
Pursuing,1
superintendence,1
superintended,1
superciliousness,1
sufferer,1
succeeds,1
Scar,1
succession,1
successively,1
successno,1
successor,1
Sat,1
Sarah,1
suddenness,1
Sally,1
Robinsons,1
sufferable,1
Robinson,1
suffering,1
supercilious,1
suffers,1
sug,1
Robin,1
suggesting,1
suggestion,1
Risk,1
suiting,1
Ring,1
Right,1
summon,1
Richard,1
Respect,1
Resignation,1
Pulvis,1
suspend,1
tempers,1
Proud,1
Per,1
taliate,1
Pen,1
talker,1
Pem,1
talks,1
Peak,1
tallOh,1
taller,1
tallest,1
tanned,1
tastes,1
tates,1
Painful,1
te,1
P,1
Oxford,1
teaching,1
Others,1
teathings,1
teatime,1
tected,1
teeth,1
tegrity,1
telligent,1
Once,1
tells,1
temp,1
Ofce,1
Perfectly,1
Persuaded,1
Philips,1
syllables,1
Promise,1
Probably,1
suspicious,1
sustained,1
swallowed,1
sweetesttempered,1
Presum,1
sweettempered,1
swell,1
swelled,1
swelling,1
swers,1
Prejudice,1
sym,1
tainty,1
sympathise,1
synonymously,1
Pope,1
Pleased,1
tablenor,1
tached,1
tachment,1
tacit,1
taciturn,1
tackle,1
tage,1
tages,1
tainment,1
antagonist,1
pang,1
rang,1
haunch,1
connec,1
hazarded,1
connectionsto,1
haved,1
connement,1
haunt,1
hatred,1
gallant,1
hating,1
hatefully,1
connivance,1
connubial,1
hata,1
hat,1
headquarters,1
heads,1
conjunction,1
heal,1
healthful,1
healthfulness,1
healthy,1
hearers,1
hears,1
heartening,1
heartfelt,1
hearth,1
congratulatory,1
heavier,1
heavylooking,1
hecould,1
hedge,1
conquered,1
hastening,1
hasten,1
hanging,1
halfpast,1
halfthe,1
halfwhisper,1
halfyear,1
consigned,1
halldoor,1
consign,1
hams,1
considerations,1
handkerchief,1
consid,1
consequential,1
handwriting,1
hang,1
consenting,1
conrm,1
conse,1
conscientious,1
consci,1
happyI,1
happyyour,1
harboured,1
conrms,1
hardest,1
hardheartedness,1
hardship,1
hardships,1
harmony,1
harp,1
harshly,1
heedless,1
hehad,1
heighten,1
himselffrom,1
herturn,1
herwas,1
herwho,1
heshould,1
hesitating,1
hewould,1
confes,1
confederacy,1
highown,1
himas,1
himat,1
himbut,1
himlaugh,1
condolence,1
himselfher,1
herthe,1
hinted,1
hire,1
hired,1
conditional,1
hisbeing,1
hisbook,1
hisdesign,1
hiseasy,1
hisfancy,1
hisfeelings,1
hisperfect,1
hispride,1
hisreserve,1
histories,1
hertheir,1
herthat,1
congratulation,1
herand,1
heinous,1
heiress,1
heirs,1
congratula,1
hemay,1
hemayfall,1
hemight,1
hence,1
henceforth,1
hensive,1
hepoor,1
congrat,1
hera,1
heraffectionate,1
heranxiety,1
herselfthat,1
herbeing,1
herby,1
hercoming,1
congenial,1
heres,1
herethan,1
heretofore,1
herfeel,1
herindeed,1
herit,1
hermitage,1
herof,1
herselfsense,1
herselfsome,1
halfopened,1
halfnished,1
halfexpectation,1
glazing,1
giana,1
gible,1
gid,1
gift,1
gig,1
ginning,1
giously,1
girloh,1
conversations,1
conversationa,1
controverted,1
gladly,1
contributed,1
glass,1
glect,1
conversible,1
glen,1
glo,1
glories,1
glory,1
glove,1
glowing,1
contrasted,1
godfather,1
contrariwise,1
gonewe,1
contrariety,1
contradictions,1
goodlooking,1
goodnaturedly,1
ghting,1
gets,1
gosaying,1
gence,1
gamester,1
gaming,1
gant,1
gaped,1
coppice,1
gardener,1
gardeners,1
copied,1
gath,1
gathered,1
gathering,1
gaudy,1
gayer,1
gaze,1
cooks,1
gested,1
cooking,1
generation,1
generations,1
cook,1
generoushearted,1
generously,1
conveying,1
converting,1
convert,1
gentlest,1
gentlewoman,1
geous,1
gering,1
gerly,1
goodtempered,1
gossip,1
halfdeserved,1
guinea,1
constitution,1
groundwork,1
grouped,1
constitute,1
grownup,1
growth,1
gry,1
consternation,1
guardian,1
guardians,1
guardianshiphow,1
constancy,1
guests,1
guiding,1
gulf,1
grossest,1
consoled,1
gures,1
gust,1
gyman,1
consolatory,1
habitual,1
hack,1
hackneyed,1
consists,1
hadbegun,1
halfadozen,1
halfamile,1
consistency,1
halfanhourwas,1
constrained,1
grievously,1
contra,1
gratication,1
gov,1
grace,1
graceful,1
gracefully,1
graces,1
graciously,1
graciousness,1
gradual,1
contin,1
grain,1
grandfathers,1
grapes,1
grasp,1
grate,1
content,1
grieving,1
contemptuously,1
gratitudefor,1
contains,1
gravelybut,1
greaterwhat,1
construing,1
greatness,1
greatuncle,1
green,1
gret,1
construed,1
griefs,1
construction,1
grievedshocked,1
condi,1
hometo,1
condescends,1
inherit,1
ines,1
inevitably,1
inexhaustible,1
inexibly,1
inexpressible,1
inexpressibly,1
infancy,1
infatuation,1
inferences,1
commendations,1
commendable,1
informality,1
comingat,1
ingratitude,1
inherited,1
commisera,1
inhumanity,1
inicted,1
iniction,1
iniquitous,1
injunctionand,1
injunctions,1
injuries,1
injuring,1
injury,1
comfortless,1
inmate,1
inmates,1
comforted,1
innocently,1
ineffectual,1
indus,1
inoffensive,1
indelicate,1
compar,1
companied,1
increases,1
communicativeness,1
incur,1
incurred,1
inde,1
communicative,1
indecision,1
indecorum,1
communications,1
indeedit,1
indeedthat,1
indelicacy,1
indenite,1
indulging,1
indicated,1
communi,1
indig,1
indignant,1
commonly,1
indiscreet,1
indispensably,1
indistinctly,1
individually,1
indolent,1
commonest,1
commissioning,1
commissioned,1
indulgent,1
inns,1
comed,1
inconveniencescheerfulness,1
intervene,1
coats,1
coarse,1
coachman,1
cluster,1
interfere,1
clump,1
interferenceit,1
intermediate,1
interpose,1
interpretation,1
clue,1
cluded,1
clouded,1
interruptions,1
closure,1
cof,1
closet,1
intimates,1
intimidated,1
intolera,1
intrepidity,1
intrigues,1
closer,1
closely,1
clock,1
cles,1
intrud,1
intruder,1
intruding,1
inu,1
coaxed,1
cogent,1
comeMr,1
instantaneous,1
combated,1
colonels,1
insensibil,1
insignicant,1
insinuating,1
insipid,1
insipidity,1
insisted,1
insists,1
insolence,1
inspire,1
inspires,1
inspiring,1
instability,1
colds,1
coher,1
instituted,1
instru,1
instruct,1
instructed,1
instructing,1
colder,1
coincidence,1
insufferably,1
insulted,1
insulting,1
intelli,1
coincided,1
intelligenceElizabeth,1
coincide,1
increas,1
inconveniences,1
honest,1
illiberal,1
hysterics,1
ible,1
composition,1
ied,1
iety,1
ifbut,1
ifying,1
ig,1
igno,1
compos,1
compo,1
illbreeding,1
illconsequences,1
illfounded,1
illiterate,1
hushed,1
illjudging,1
illnature,1
illness,1
illnessif,1
illqualied,1
illsuccess,1
illtreatment,1
illused,1
illustration,1
illustrious,1
ilyowe,1
complimenting,1
imag,1
imaginations,1
hypocrisy,1
comprehensible,1
imitate,1
housekeepers,1
condescend,1
condescen,1
condently,1
condential,1
horrible,1
horsewoman,1
hotel,1
hotels,1
hotpressed,1
concluding,1
conciseand,1
housebut,1
household,1
conciliatory,1
housemaids,1
comprehension,1
conciliating,1
conciliate,1
concerto,1
hug,1
concernand,1
conception,1
humbling,1
conceivable,1
humoured,1
conceals,1
hunting,1
compromised,1
hurts,1
comprise,1
compliance,1
imitated,1
inconsistency,1
imputing,1
impressing,1
impressive,1
complai,1
improprieties,1
competi,1
improvements,1
imprudencein,1
compassionate,1
impudent,1
impulses,1
impunity,1
impurities,1
impute,1
compass,1
compas,1
complained,1
inadequate,1
inand,1
inca,1
comparisons,1
incautiously,1
incessant,1
inches,1
inclina,1
inclinations,1
include,1
compare,1
incomprehensible,1
incon,1
inconsiderable,1
impressed,1
impossi,1
imitation,1
imperfectly,1
imitations,1
complex,1
immedi,1
completion,1
completed,1
immoral,1
imparted,1
impartialitydeliberated,1
impassable,1
complaisant,1
complaisancefor,1
impelled,1
impenetrably,1
imperfection,1
imperturbably,1
imposing,1
impetuous,1
implacability,1
implicit,1
implicitness,1
implied,1
implies,1
imply,1
impolitic,1
complaint,1
complaining,1
importing,1
importune,1
impos,1
impose,1
coquetry,1
fuss,1
antechamber,1
designto,1
ele,1
elds,1
designedly,1
elderly,1
designing,1
elated,1
desir,1
fused,1
desiresplendid,1
egant,1
effectual,1
effectu,1
efcacy,1
despair,1
elevate,1
elevated,1
elevating,1
elevation,1
eleven,1
eli,1
eligibility,1
elling,1
eloped,1
deservedly,1
eloping,1
eloquence,1
desertion,1
eluded,1
deserted,1
embargo,1
desert,1
educated,1
edly,1
ed,1
destdaughter,1
ducks,1
ductility,1
detailed,1
duel,1
duets,1
dulgence,1
detail,1
dullest,1
dullness,1
dupe,1
duped,1
detaching,1
destructive,1
destitute,1
dest,1
ections,1
earl,1
desponding,1
earls,1
despises,1
earthly,1
earthof,1
despicably,1
despicable,1
desperation,1
eccentric,1
echo,1
eclat,1
eclipsed,1
economically,1
emergence,1
eminence,1
eminent,1
dence,1
enhance,1
enjoyments,1
enlarging,1
enormity,1
enoughone,1
enraged,1
ensign,1
ensue,1
ensuing,1
ent,1
entailWe,1
denominated,1
entailing,1
denition,1
demean,1
depending,1
entiously,1
demands,1
demanding,1
entrancehall,1
delivering,1
entreating,1
enumeration,1
environs,1
envying,1
epithet,1
equalled,1
delicious,1
equals,1
equipage,1
engrossing,1
engross,1
emotions,1
encroaching,1
emphasis,1
emphatic,1
emphatically,1
employing,1
emptiness,1
emptyheaded,1
enable,1
enabling,1
encamped,1
derstanding,1
derstand,1
ders,1
derives,1
derived,1
encumbrance,1
depravity,1
endeared,1
derision,1
dering,1
deri,1
endurable,1
endure,1
deranged,1
enemies,1
enemy,1
energetic,1
der,1
enforced,1
deprive,1
depreciate,1
duchess,1
ducements,1
duce,1
differ,1
disgraced,1
disgracewhen,1
dig,1
diffused,1
disgusting,1
disheartened,1
dishes,1
dishonestfor,1
dishonesty,1
dishonorable,1
dishonourable,1
disinclined,1
disinterestedness,1
differences,1
dislikes,1
digressions,1
disliking,1
dismay,1
dismission,1
disobliging,1
dispelling,1
dispense,1
dispirited,1
difdent,1
displease,1
dispose,1
disposi,1
disposing,1
didspeak,1
dispositions,1
disengaged,1
discrimination,1
disputes,1
disclosed,1
disagreeably,1
disagreement,1
dious,1
dinners,1
disappointments,1
disapprove,1
disarm,1
disbe,1
discernible,1
discerning,1
discernment,1
disclaim,1
disclaimed,1
disclose,1
disclosure,1
diligence,1
discompose,1
discon,1
discontented,1
discontentedness,1
discontinuance,1
diness,1
discourses,1
discov,1
dines,1
diminution,1
discovering,1
dimensions,1
discre,1
discreditable,1
disputable,1
disquiet,1
drooping,1
dowish,1
donedone,1
di,1
dgety,1
doorway,1
dore,1
doreturn,1
dose,1
doubled,1
doubly,1
dgets,1
dget,1
doubtedly,1
doubtful,1
doubtingly,1
devoting,1
don,1
dozen,1
devote,1
devoid,1
device,1
drawingrooms,1
drawings,1
develop,1
detested,1
detestable,1
dreading,1
dresses,1
deter,1
drinking,1
detect,1
doneI,1
domestics,1
disregarded,1
dicted,1
disrespectful,1
didseem,1
dissemble,1
disservice,1
dissipation,1
dissolved,1
dissuade,1
dissuaded,1
didsay,1
didand,1
didadmire,1
didI,1
distractedly,1
distraction,1
dictatorial,1
doleful,1
dictating,1
distrusted,1
distur,1
disturb,1
disturbers,1
dition,1
diversied,1
dictated,1
dividing,1
dictate,1
doappear,1
dodivert,1
dic,1
dible,1
equivalent,1
equivocal,1
eration,1
creative,1
fewer,1
fol,1
folded,1
folios,1
critical,1
cretly,1
credible,1
cred,1
foodof,1
creatures,1
fools,1
footing,1
footman,1
footstool,1
foranother,1
fetched,1
forbade,1
forbearing,1
crea,1
forbidding,1
forbore,1
cre,1
crayons,1
crammed,1
forcing,1
cradles,1
forego,1
foresaw,1
foresee,1
foretold,1
criticise,1
fessions,1
forfeited,1
feelgratitude,1
culprit,1
favouriteand,1
fe,1
cucumber,1
cry,1
fearless,1
fearnot,1
crushing,1
feather,1
feathers,1
fect,1
fected,1
fective,1
fee,1
crowned,1
fessed,1
feelingly,1
crown,1
feet,1
felicitations,1
crowdbut,1
felicityto,1
fellowtravellers,1
feltherself,1
criticisms,1
fended,1
fender,1
ferent,1
fervent,1
fervently,1
forfeit,1
forgave,1
cult,1
cottagers,1
counteract,1
freelya,1
counted,1
fresher,1
couldCould,1
friendalways,1
friendless,1
friendlier,1
coughs,1
coughing,1
friendshas,1
friendswhether,1
frighted,1
frighten,1
frisks,1
fre,1
costing,1
frost,1
fruitof,1
corruption,1
fth,1
corroboration,1
fugitives,1
corroborated,1
correspondents,1
fullest,1
correspond,1
fur,1
furnished,1
corner,1
freckled,1
counterbalance,1
cows,1
couragement,1
forgetfulness,1
forgets,1
forgetting,1
covies,1
forgiven,1
forgiving,1
covery,1
forlorn,1
cover,1
courting,1
courtier,1
courteous,1
fortitude,1
fortunately,1
forty,1
frankly,1
couraged,1
forwarder,1
forwarding,1
forwards,1
foul,1
couples,1
countrytown,1
foundations,1
counting,1
fourandtwenty,1
fourthly,1
foxhounds,1
frailty,1
frame,1
favoured,1
cultivation,1
ercising,1
executors,1
decked,1
exaggerate,1
exaggeration,1
exam,1
decisions,1
deciding,1
exception,1
exceptional,1
deception,1
exchanged,1
exclude,1
exclusion,1
executed,1
deceives,1
exercising,1
declaring,1
exerting,1
exhausted,1
exhibit,1
exhibiting,1
exigence,1
exist,1
expec,1
decamp,1
deavours,1
deavouring,1
expects,1
expedite,1
expence,1
expences,1
declares,1
evila,1
deaden,1
estimated,1
erly,1
erness,1
erous,1
errand,1
deli,1
escaping,1
essary,1
essence,1
establish,1
degrees,1
degradationof,1
degenerate,1
ested,1
esti,1
defense,1
decorums,1
esting,1
estly,1
esty,1
eteatete,1
ety,1
evade,1
evated,1
default,1
deeplyrooted,1
deemed,1
everybodywould,1
everyones,1
deduced,1
everywhere,1
dearyescertainly,1
explanatory,1
favor,1
curtailed,1
faint,1
faintly,1
fairest,1
faithfully,1
custody,1
cused,1
cuse,1
falsehoodand,1
falsely,1
curtseyed,1
fame,1
curtsey,1
familiarity,1
curtains,1
famy,1
cutting,1
curred,1
farmhouse,1
curiosities,1
curi,1
fashionable,1
cured,1
fastened,1
fat,1
cure,1
cur,1
cup,1
cun,1
faultbecause,1
faultless,1
failure,1
faculties,1
explicitly,1
extorted,1
explore,1
dazzling,1
dayI,1
expostulation,1
exposure,1
dawdled,1
darting,1
expressly,1
exquisite,1
exten,1
darling,1
extenuating,1
extinguished,1
extort,1
extra,1
facts,1
extractions,1
extraordi,1
daring,1
dar,1
dangerous,1
dan,1
exuberance,1
exuberant,1
exultation,1
damp,1
eyeing,1
eyelashes,1
dained,1
dain,1
clerk,1
inuenced,1
inuencing,1
barely,1
barbarously,1
parison,1
parishioners,1
bare,1
barefaced,1
parental,1
parasol,1
inured,1
parading,1
para,1
barouchebox,1
papers,1
bashful,1
panting,1
barbarous,1
parsonage,1
parsonagehouse,1
bands,1
participation,1
bandbox,1
bance,1
balm,1
balland,1
badbelongs,1
partridges,1
backwards,1
backward,1
partyfor,1
backed,1
awoke,1
passions,1
panion,1
disadvan,1
pally,1
pace,1
overset,1
overspreading,1
overthrow,1
overthrowing,1
overtook,1
overtures,1
beaux,1
beautyI,1
beauteous,1
beatings,1
owns,1
ows,1
pa,1
pable,1
packed,1
palliation,1
packing,1
pages,1
battled,1
paining,1
bathingplace,1
paint,1
painter,1
paintings,1
painto,1
palatable,1
basis,1
paler,1
paling,1
palings,1
awkwardness,1
awk,1
pathetic,1
personages,1
augmented,1
periods,1
perior,1
perity,1
permanent,1
augment,1
permit,1
permitted,1
perpetual,1
persever,1
persevered,1
perseveringly,1
persists,1
aught,1
au,1
performs,1
attributing,1
persuasions,1
perturbed,1
perusing,1
perverse,1
petition,1
petitioned,1
petried,1
petti,1
petulance,1
philosopher,1
philosophic,1
physicians,1
attitude,1
austerity,1
performer,1
patient,1
peculiarity,1
pavement,1
awaited,1
payment,1
pe,1
peacemaking,1
peaches,1
pears,1
peatedly,1
pecially,1
pectedly,1
pecting,1
pects,1
avoided,1
peculiarities,1
pedantic,1
authorise,1
peep,1
penance,1
penitent,1
pens,1
pensation,1
avoidance,1
avenue,1
avarice,1
availed,1
avail,1
perceptible,1
authorized,1
perforce,1
authorising,1
overscrupulous,1
overruled,1
overrated,1
occupies,1
obser,1
observ,1
observances,1
bills,1
billiardtable,1
bility,1
obvious,1
bid,1
bewitching,1
bewitched,1
bewildered,1
bewailed,1
bets,1
occupation,1
occurs,1
obsequious,1
bestowing,1
bestowhow,1
oddities,1
oddity,1
oddly,1
beserious,1
berley,1
ber,1
bequest,1
ofcersYours,1
bequeathed,1
offen,1
benevolent,1
offensive,1
obsequiousness,1
obligingly,1
beneting,1
blameless,1
blemish,1
notes,1
bled,1
nother,1
nothingness,1
nothings,1
nothis,1
blasted,1
noticing,1
blamelessness,1
notmarry,1
notwrite,1
nourishes,1
novels,1
blamed,1
biting,1
nowadays,1
nowhere,1
num,1
blameable,1
nursing,1
oaks,1
ob,1
obei,1
obey,1
blacken,1
objected,1
black,1
bitterest,1
obliga,1
benets,1
ofhim,1
overpowering,1
otherwiseif,1
ordained,1
begun,1
orderly,1
begs,1
beginsbut,1
ordination,1
originate,1
ostentation,1
ostentatious,1
beginningfrom,1
otherabout,1
otherof,1
othersall,1
befriended,1
beforehand,1
oppressively,1
ourrst,1
beengaged,1
ously,1
bedrooms,1
outThere,1
outdone,1
outrun,1
outstrip,1
outstripped,1
overbearing,1
overcoming,1
overjoyed,1
overowing,1
overpower,1
oranybodys,1
behavior,1
ofhismother,1
omitted,1
ofmyself,1
ofof,1
ofor,1
ofthat,1
ofthatgoing,1
ogged,1
oh,1
benecial,1
ollecting,1
ollection,1
olutely,1
olution,1
omen,1
omit,1
ommended,1
opportunities,1
benecence,1
benches,1
ond,1
oneandtwenty,1
onehouse,1
onein,1
oneintermarriage,1
oneonly,1
belonging,1
onlysome,1
bellI,1
believes,1
operated,1
opportu,1
pictured,1
picturegallery,1
pictures,1
prop,1
prognos,1
prohibited,1
proigacy,1
proigate,1
project,1
projected,1
arguing,1
argued,1
promoted,1
prompt,1
prompted,1
argu,1
pronouncing,1
aresuch,1
propensitiesthe,1
profuse,1
area,1
ardent,1
propitious,1
archness,1
proportions,1
arch,1
aration,1
proprietorwhen,1
pros,1
apt,1
prosper,1
prosperity,1
prot,1
protest,1
profusion,1
professionI,1
proudest,1
probabilities,1
pridehis,1
pridewhere,1
arriving,1
arrivedthat,1
principles,1
prise,1
prised,1
arrested,1
prived,1
prized,1
prizes,1
arrear,1
proaching,1
prob,1
arranges,1
professing,1
arrangements,1
probity,1
aroused,1
proceedings,1
process,1
prociency,1
procient,1
proclaim,1
procure,1
prodi,1
prodigious,1
productive,1
profess,1
arminarm,1
apprehended,1
proudly,1
prided,1
questionsabout,1
quali,1
qualication,1
qualications,1
apparel,1
quality,1
quantity,1
quar,1
quarreled,1
quarrelling,1
quarrelsome,1
querulous,1
quested,1
questionand,1
questionof,1
questionsand,1
pyramids,1
apace,1
anyhow,1
quieter,1
anybodys,1
quire,1
quired,1
race,1
racked,1
ragout,1
rail,1
anticipate,1
rained,1
anticipa,1
rambled,1
qual,1
puzzled,1
appre,1
pull,1
appointment,1
proverb,1
providing,1
proving,1
provocations,1
proxy,1
applies,1
prudential,1
prudently,1
pub,1
publish,1
puddles,1
pudence,1
puffed,1
punc,1
puzzle,1
punch,1
punctuality,1
appertain,1
appeased,1
purchases,1
purchasesLook,1
purport,1
appease,1
purse,1
purses,1
appearances,1
appeals,1
pursuits,1
puz,1
pridefor,1
arrogance,1
picturesque,1
pollution,1
pliancy,1
pliment,1
ployment,1
ply,1
pocketbook,1
ations,1
ation,1
pointedly,1
ated,1
astonishand,1
pointthat,1
policy,1
asthiscould,1
polluted,1
pool,1
plenty,1
pools,1
popular,1
popularity,1
porridge,1
ported,1
portionate,1
portioned,1
portment,1
portrait,1
portunity,1
pos,1
posal,1
position,1
positions,1
pleted,1
plentiful,1
assumed,1
plained,1
attics,1
pies,1
pigs,1
piling,1
ping,1
pinmoney,1
piqued,1
piquet,1
pitched,1
placeExcellent,1
attendants,1
attendant,1
placewhich,1
plainbut,1
plainer,1
pleasureand,1
planation,1
plantation,1
plate,1
played,1
playfulness,1
plays,1
attained,1
pleaded,1
pleasantest,1
attacked,1
atonementfor,1
pleasedso,1
atonement,1
atoned,1
posses,1
possessed,1
prevents,1
presided,1
prej,1
premeditated,1
premeditation,1
premises,1
preparation,1
aspire,1
asperity,1
prepossessed,1
ashooting,1
ascheme,1
preser,1
preservative,1
ascertaining,1
preside,1
pressingly,1
prehending,1
presumed,1
presuming,1
pret,1
pretence,1
pretended,1
pretense,1
pretension,1
articial,1
prettier,1
prettiercoloured,1
artfully,1
prettyish,1
artful,1
arrogant,1
prehends,1
prehend,1
possesses,1
assiduous,1
possessing,1
possibilities,1
associating,1
possibleadvice,1
assistant,1
posterity,1
postilions,1
postponed,1
pour,1
poured,1
pouring,1
poverty,1
povertycomparative,1
powdering,1
assid,1
assent,1
practised,1
practising,1
asserting,1
asserted,1
preceded,1
assents,1
precipitate,1
precisely,1
precision,1
precluding,1
predict,1
predomi,1
predominance,1
prefaced,1
notchoose,1
notbeen,1
notat,1
certainbut,1
cessfully,1
libertywhich,1
cessful,1
licentiousness,1
licly,1
lie,1
lier,1
lies,1
lieutenants,1
lieve,1
cessation,1
cess,1
lifetime,1
certainthat,1
lightful,1
liberalminded,1
lighting,1
certainabsolutely,1
likedand,1
cernment,1
limits,1
lin,1
ceremonies,1
ling,1
lis,1
cents,1
cent,1
censuring,1
cen,1
cellency,1
liberties,1
cessity,1
celerity,1
leisurely,1
learning,1
characterit,1
learntfor,1
lease,1
characterise,1
leavebut,1
leavetaking,1
characterOh,1
lected,1
charac,1
legacy,1
legal,1
legally,1
chaperon,1
lend,1
li,1
lent,1
changes,1
chang,1
lessened,1
lessening,1
lessness,1
chances,1
chanced,1
letterpaper,1
chamber,1
challenge,1
levelled,1
chagrin,1
leys,1
livedand,1
ceiving,1
characterthere,1
magnitude,1
cassino,1
luckiest,1
casewas,1
luckless,1
luded,1
luncheon,1
lurk,1
lustre,1
lying,1
ma,1
carved,1
maamis,1
carpets,1
magis,1
maiden,1
lowest,1
maining,1
maintain,1
maintaining,1
caring,1
mal,1
careless,1
managed,1
manager,1
manand,1
mand,1
manhe,1
manifold,1
mankind,1
mannerin,1
lowness,1
casual,1
ceive,1
loo,1
livings,1
ll,1
lled,1
lling,1
lobby,1
local,1
lock,1
lodge,1
ceedingly,1
lofty,1
ceeding,1
ceaseless,1
longexpected,1
longs,1
cealing,1
catching,1
ce,1
lookedshe,1
cautiousness,1
loose,1
lootable,1
loser,1
losing,1
losses,1
caused,1
louder,1
cations,1
cated,1
loveliest,1
lovemaking,1
leaning,1
charity,1
cardtablebut,1
jewel,1
clearer,1
itably,1
itate,1
itbut,1
itnothing,1
itof,1
cleanse,1
ittill,1
itude,1
itunless,1
clamorous,1
jecture,1
jectures,1
jestingly,1
jewels,1
ison,1
jilt,1
civili,1
joints,1
jokes,1
joking,1
jot,1
city,1
journeysand,1
circumstancesand,1
joyfully,1
joyment,1
circumspection,1
circumspect,1
jumbled,1
issomething,1
ishment,1
jumping,1
ionhismind,1
invalid,1
invariable,1
invectives,1
invent,1
inventing,1
invention,1
investigation,1
invita,1
clerical,1
clergy,1
cler,1
involuntary,1
involves,1
clearsighted,1
ions,1
isher,1
ior,1
ious,1
irregular,1
irreligious,1
irremediable,1
irreproachable,1
irretrievable,1
irrevocably,1
irri,1
irrita,1
irritable,1
irritated,1
clearing,1
isa,1
jumped,1
jumps,1
charmingly,1
languages,1
lad,1
china,1
chin,1
chimneypiece,1
childhood,1
chicken,1
chestnuts,1
laity,1
lamented,1
lamenting,1
land,1
landing,1
lanes,1
cherish,1
languor,1
lace,1
larder,1
largest,1
lastborn,1
lastly,1
latest,1
lations,1
cheating,1
latterly,1
laudable,1
cheat,1
cheap,1
chatty,1
laurel,1
lawfully,1
laconic,1
labour,1
junior,1
cident,1
jured,1
justication,1
circulating,1
circulated,1
circuit,1
justifying,1
keener,1
circles,1
keeper,1
cipitate,1
kill,1
ciety,1
ciently,1
kindest,1
cided,1
l,1
kindred,1
kinds,1
king,1
kingdomprovided,1
kiss,1
kitchen,1
knees,1
christening,1
choosing,1
knowledged,1
knowledgment,1
knowledgments,1
choly,1
choicea,1
mannernay,1
mannersmy,1
notMr,1
named,1
myassertions,1
mybeing,1
mydaughters,1
mydinners,1
myeyes,1
mylittle,1
myopinion,1
bracelets,1
myselffor,1
myslight,1
mystery,1
n,1
nal,1
nam,1
boxes,1
brains,1
nances,1
nant,1
narrative,1
narrow,1
narrowest,1
narrowminded,1
nasty,1
nat,1
nate,1
bowl,1
bowing,1
nds,1
bourhoods,1
bounty,1
mutually,1
branch,1
boundless,1
motherhow,1
bridegroom,1
morality,1
moralize,1
morebut,1
bribery,1
bribe,1
brevity,1
bred,1
morti,1
breathing,1
morties,1
breathed,1
mostly,1
motherYours,1
motion,1
muslins,1
breakfastparlour,1
mounting,1
mouth,1
breakfasted,1
mu,1
muchnot,1
mud,1
mufn,1
mul,1
munication,1
murmurs,1
brary,1
musical,1
musicbooks,1
bounds,1
nearness,1
monotonous,1
nobler,1
ngering,1
nicant,1
bly,1
nicely,1
nicest,1
blushing,1
nied,1
nify,1
nightcap,1
blowsy,1
blown,1
nishing,1
blow,1
blots,1
noblest,1
board,1
blinds,1
nobodys,1
nocence,1
nods,1
nofeel,1
noisethe,1
noit,1
nomi,1
nonsen,1
norant,1
northward,1
northwards,1
nose,1
notI,1
nextand,1
newswhat,1
neat,1
borough,1
nec,1
necessarily,1
bound,1
bottom,1
nectarines,1
needlessly,1
needlework,1
negatived,1
bosoms,1
negligence,1
negligent,1
bosom,1
borrowed,1
neighbouring,1
nelooking,1
newspaper,1
bookroom,1
boldly,1
nessed,1
boisterously,1
nets,1
netting,1
nettled,1
bodies,1
boasting,1
newcomers,1
newest,1
newlyborn,1
newsand,1
newscapital,1
monthly,1
monosyllable,1
mannersso,1
mehappy,1
calmly,1
meas,1
calls,1
calico,1
mebut,1
mechanically,1
med,1
medi,1
calculation,1
mediocrity,1
meditate,1
meditation,1
calculate,1
meetings,1
meit,1
cambric,1
melan,1
cake,1
cacy,1
byshire,1
mendation,1
mendations,1
menever,1
mennay,1
menservants,1
buying,1
butler,1
butchers,1
mentionshe,1
merce,1
meantime,1
meanness,1
bustle,1
capacity,1
manoeuvre,1
manservant,1
mansion,1
manso,1
captivation,1
market,1
markettown,1
captivated,1
captivate,1
capers,1
masterand,1
masterly,1
cape,1
mat,1
mate,1
meaningand,1
canyou,1
canvas,1
matrimonial,1
cannotI,1
matterto,1
candid,1
mayhappen,1
mayoralty,1
campits,1
meYours,1
meadows,1
campful,1
meand,1
meanest,1
busy,1
merits,1
monious,1
brittle,1
miserably,1
miseries,1
miserly,1
brooking,1
misfortuneor,1
mislead,1
misleading,1
misleads,1
misled,1
mismanagement,1
misrepresentation,1
missing,1
missish,1
broadfaced,1
mistakenor,1
miscon,1
mistakes,1
mistakesbut,1
mistook,1
mistrust,1
misunder,1
brings,1
misused,1
mix,1
mixing,1
bringgood,1
mod,1
brightening,1
brightened,1
bright,1
misconduct,1
mischievously,1
burying,1
milliners,1
meshould,1
mess,1
message,1
messages,1
mesuch,1
burnt,1
metry,1
mien,1
burning,1
mild,1
mildly,1
military,1
build,1
milliner,1
mince,1
mischance,1
brown,1
mindful,1
mindin,1
minding,1
brow,1
brothervery,1
ming,1
mingled,1
mingling,1
minia,1
minuteness,1
brotherinlaws,1
minutest,1
mired,1
zle,1
